timestamp_s,frame_number,tracking_status,target_pan_deg,target_tilt_deg,estimated_pan_deg,estimated_tilt_deg,gimbal_pan_deg,gimbal_tilt_deg,pan_error_deg,tilt_error_deg,total_angular_error_deg,total_angular_error_mrad,pixel_error_px,rssi_signal_strength,pan_pid_output,tilt_pid_output,detection_confidence,beacon_visible,ground_truth_in_fov,ground_truth_x_px,ground_truth_y_px,detected_x_px,detected_y_px,predicted_x_px,predicted_y_px,link_locked,fps,processing_time_ms
0.016,1,ACQUIRING,11.999,0.064,12.522,0.057,0.56,0.016,11.407,0.095,11.407,199.09,276.92,0.984,35,0.995,1,TRUE,TRUE,931,362.8,930,362.1,930,362.1,FALSE,63,0.48
0.032,2,TRACKING,11.999,0.07,12.596,0.038,1.12,0.012,10.903,0.072,10.904,190.3,264.39,0.984,35,-0.224,1,TRUE,TRUE,918.4,361.7,918.8,360.9,919.2,361,FALSE,63,0.43
0.048,3,TRACKING,11.999,0.076,12.865,0.075,1.68,0.01,10.34,0.037,10.34,180.47,250.42,0.984,35,-0.157,1,TRUE,TRUE,904.5,360.8,904.3,360.8,911.9,360.9,FALSE,63,0.42
0.064,4,TRACKING,11.999,0.081,13.171,0.07,2.24,0.008,9.729,0.047,9.729,169.81,235.33,0.984,35,-0.111,1,TRUE,TRUE,889.3,361,889.2,360.8,904.3,360.8,FALSE,63,0.4
0.08,5,TRACKING,11.999,0.087,13.424,0.008,2.8,0.017,9.189,0.135,9.19,160.4,222.05,0.983,35,0.57,1,TRUE,TRUE,876,363.2,876.6,362.7,897.2,361.3,FALSE,63,0.44
0.096,6,TRACKING,11.999,0.093,13.645,0.102,3.36,0.024,8.671,0.043,8.671,151.34,209.31,0.983,35,0.405,1,TRUE,TRUE,863.2,361,863.3,360.9,889.9,361.2,FALSE,63,0.4
0.112,7,TRACKING,11.999,0.099,13.845,0.111,3.852,0.029,8.146,0.038,8.146,142.17,196.45,0.983,30.729,0.316,1,TRUE,TRUE,848.5,360.9,848.3,361.1,881.8,361.2,FALSE,63,0.39
0.128,8,TRACKING,11.998,0.105,13.926,0.067,4.248,0.034,7.718,0.094,7.719,134.72,186.02,0.983,24.76,0.336,1,TRUE,TRUE,835.7,362.2,835,361.8,873.3,361.3,FALSE,63,0.4
0.144,9,TRACKING,11.998,0.11,13.857,0.066,4.567,0.04,7.444,0.107,7.445,129.93,179.34,0.984,19.976,0.384,1,TRUE,TRUE,827,362.7,826.4,362.2,864.8,361.5,FALSE,63,0.4
0.16,10,TRACKING,11.998,0.116,13.752,0.154,4.824,0.044,7.204,0.018,7.205,125.74,173.49,0.984,16.01,0.24,1,TRUE,TRUE,819.6,360.6,818.9,360.5,856.3,361.3,FALSE,63,0.39
0.176,11,TRACKING,11.998,0.122,13.669,0.107,5.027,0.048,6.945,0.073,6.945,121.22,167.19,0.984,12.71,0.255,1,TRUE,TRUE,812,362,812.9,361.6,848,361.4,FALSE,63,0.4
0.192,12,TRACKING,11.998,0.128,13.485,0.077,5.186,0.055,6.79,0.12,6.791,118.53,163.44,0.984,9.92,0.399,1,TRUE,TRUE,807.1,363.1,807.5,362.9,839.7,361.6,FALSE,63,0.39
0.208,13,TRACKING,11.998,0.134,13.232,0.145,5.311,0.06,6.725,0.057,6.725,117.38,161.85,0.984,7.828,0.341,1,TRUE,TRUE,804.7,361.6,805.3,361.4,831.9,361.6,FALSE,63,0.39
0.224,14,TRACKING,11.997,0.139,13.048,0.168,5.408,0.064,6.596,0.035,6.596,115.13,158.71,0.984,6.042,0.242,1,TRUE,TRUE,800.9,361,800.8,360.8,824.3,361.5,FALSE,63,0.41
0.24,15,TRACKING,11.997,0.145,12.879,0.104,5.482,0.069,6.469,0.111,6.47,112.92,155.65,0.984,4.669,0.311,1,TRUE,TRUE,797.4,362.7,797.8,362.2,817.1,361.6,FALSE,63,0.39
0.256,16,TRACKING,11.997,0.151,12.617,0.118,5.545,0.074,6.468,0.105,6.468,112.89,155.61,0.985,3.893,0.335,1,TRUE,TRUE,797.1,362.5,797.5,361.9,810.7,361.7,FALSE,63,0.39
0.272,17,TRACKING,11.997,0.157,12.412,0.2,5.601,0.078,6.438,0.024,6.438,112.37,154.87,0.985,3.535,0.227,1,TRUE,TRUE,796.3,360.5,796.9,360.7,805,361.6,FALSE,63,0.4
0.288,18,TRACKING,11.996,0.163,12.316,0.142,5.652,0.082,6.306,0.089,6.307,110.08,151.69,0.985,3.16,0.246,1,TRUE,TRUE,793,362,792.9,361.7,799.4,361.6,FALSE,63,0.4
0.304,19,TRACKING,11.996,0.168,12.152,0.122,5.701,0.087,6.269,0.12,6.27,109.43,150.79,0.985,3.096,0.318,1,TRUE,TRUE,792.1,362.8,792.1,362.3,794.5,361.7,FALSE,63,0.39
0.32,20,TRACKING,11.996,0.174,11.956,0.175,5.755,0.091,6.296,0.072,6.296,109.89,151.43,0.986,3.388,0.287,1,TRUE,TRUE,792.9,361.7,792.7,361.5,790.4,361.7,FALSE,63,0.4
0.336,21,TRACKING,11.996,0.18,11.912,0.212,5.814,0.094,6.181,0.034,6.181,107.87,148.63,0.986,3.639,0.179,1,TRUE,TRUE,790.2,360.9,790.3,360.6,786.6,361.6,FALSE,63,0.39
0.352,22,TRACKING,11.995,0.186,11.877,0.118,5.874,0.099,6.063,0.142,6.065,105.85,145.82,0.986,3.786,0.299,1,TRUE,TRUE,787.3,363.5,787.2,362.7,782.9,361.7,FALSE,63,0.39
0.368,23,TRACKING,11.995,0.192,11.734,0.176,5.943,0.104,6.085,0.091,6.085,106.21,146.32,0.987,4.278,0.313,1,TRUE,TRUE,788,362.4,788.7,361.9,780,361.8,FALSE,63,0.4
0.384,24,TRACKING,11.995,0.197,11.68,0.215,6.017,0.108,6.021,0.056,6.022,105.1,144.78,0.987,4.627,0.264,1,TRUE,TRUE,786.5,361.6,786.1,361.3,777.2,361.7,FALSE,63,0.39
0.4,25,TRACKING,11.994,0.203,11.739,0.199,6.093,0.112,5.844,0.078,5.844,102,140.49,0.987,4.785,0.26,1,TRUE,TRUE,782.2,362.1,782.5,361.6,774.3,361.7,FALSE,63,0.39
0.416,26,TRACKING,11.994,0.209,11.673,0.138,6.174,0.119,5.806,0.155,5.808,101.37,139.6,0.988,5.063,0.406,1,TRUE,TRUE,781.4,363.9,782,363.4,771.8,362,FALSE,63,0.4
0.432,27,TRACKING,11.994,0.215,11.591,0.249,6.261,0.124,5.799,0.046,5.799,101.21,139.38,0.988,5.433,0.325,1,TRUE,TRUE,781.3,361.2,781.7,361.2,769.6,361.9,FALSE,63,0.4
0.448,28,TRACKING,11.993,0.221,11.665,0.225,6.349,0.129,5.623,0.075,5.623,98.14,135.13,0.988,5.488,0.285,1,TRUE,TRUE,777.1,361.8,776.8,361.4,767.2,361.9,FALSE,63,0.39
0.464,29,TRACKING,11.993,0.226,11.688,0.19,6.437,0.134,5.5,0.119,5.501,96.02,132.19,0.989,5.515,0.323,1,TRUE,TRUE,774.1,362.7,774.4,362.3,764.8,361.9,FALSE,63,0.41
0.48,30,TRACKING,11.993,0.232,11.59,0.194,6.529,0.14,5.515,0.124,5.517,96.29,132.56,0.989,5.727,0.354,1,TRUE,TRUE,774.7,362.9,774.9,362.3,762.8,362,FALSE,63,0.4
0.496,31,TRACKING,11.992,0.238,11.618,0.288,6.621,0.144,5.399,0.029,5.399,94.23,129.71,0.989,5.775,0.251,1,TRUE,TRUE,771.9,360.6,771.4,360.7,760.7,361.9,FALSE,63,0.39
0.512,32,TRACKING,11.992,0.244,11.704,0.208,6.711,0.149,5.214,0.119,5.215,91.03,125.28,0.99,5.628,0.318,1,TRUE,TRUE,767.5,362.9,766.8,362.6,758.3,362,FALSE,63,0.41
0.528,33,TRACKING,11.991,0.25,11.637,0.21,6.802,0.155,5.197,0.127,5.199,90.73,124.87,0.99,5.688,0.366,1,TRUE,TRUE,767.1,363.1,767.3,362.6,756.3,362.1,FALSE,63,0.4
0.544,34,TRACKING,11.991,0.255,11.601,0.266,6.895,0.16,5.157,0.077,5.157,90.01,123.87,0.99,5.809,0.34,1,TRUE,TRUE,766.3,362,766.5,361.8,754.5,362,FALSE,63,0.39
0.56,35,TRACKING,11.991,0.261,11.703,0.291,6.986,0.165,4.965,0.055,4.965,86.66,119.23,0.991,5.668,0.287,1,TRUE,TRUE,761.6,361.6,761.3,361.3,752.3,362,FALSE,63,0.4
0.576,36,TRACKING,11.99,0.267,11.702,0.215,7.075,0.172,4.877,0.15,4.88,85.17,117.17,0.991,5.553,0.47,1,TRUE,TRUE,759.4,363.9,759.3,364.6,750.2,362.3,FALSE,63,0.39
0.592,37,TRACKING,11.99,0.273,11.621,0.279,7.165,0.18,4.883,0.095,4.884,85.24,117.28,0.992,5.62,0.481,1,TRUE,TRUE,759.6,362.5,759.9,362.8,748.4,362.4,FALSE,63,0.39
0.608,38,TRACKING,11.989,0.279,11.675,0.327,7.253,0.186,4.743,0.048,4.743,82.79,113.88,0.992,5.489,0.387,1,TRUE,TRUE,756.1,361.3,755.4,361.2,746.3,362.3,FALSE,63,0.39
0.624,39,TRACKING,11.989,0.285,11.736,0.279,7.337,0.192,4.593,0.103,4.594,80.18,110.28,0.992,5.307,0.378,1,TRUE,TRUE,752.3,362.5,752.3,362.1,744.2,362.3,FALSE,63,0.4
0.64,40,TRACKING,11.988,0.29,11.659,0.254,7.422,0.199,4.59,0.137,4.592,80.15,110.24,0.993,5.254,0.406,1,TRUE,TRUE,752.2,363.2,752.1,362.7,742.2,362.3,FALSE,63,0.39
0.656,41,TRACKING,11.988,0.296,11.648,0.333,7.505,0.204,4.526,0.058,4.526,78.99,108.64,0.993,5.24,0.322,1,TRUE,TRUE,750.5,361.3,751,360.9,740.4,362.2,FALSE,63,0.4
0.672,42,TRACKING,11.987,0.302,11.728,0.327,7.586,0.208,4.358,0.065,4.359,76.08,104.61,0.993,5.041,0.253,1,TRUE,TRUE,746.4,361.4,746.1,360.8,738.3,362.1,FALSE,63,0.4
0.688,43,TRACKING,11.987,0.308,11.7,0.255,7.665,0.213,4.303,0.147,4.306,75.15,103.33,0.993,4.906,0.317,1,TRUE,TRUE,745,363.4,744.8,362.8,736.4,362.2,FALSE,63,0.39
0.704,44,TRACKING,11.986,0.314,11.635,0.313,7.742,0.218,4.292,0.094,4.293,74.94,103.04,0.994,4.87,0.309,1,TRUE,TRUE,744.7,362.3,744.6,361.8,734.6,362.2,FALSE,63,0.41
0.72,45,TRACKING,11.986,0.319,11.687,0.353,7.819,0.222,4.162,0.056,4.163,72.65,99.89,0.994,4.774,0.268,1,TRUE,TRUE,741.6,361.4,741.9,361.2,732.7,362.1,FALSE,63,0.4
0.736,46,TRACKING,11.985,0.325,11.715,0.309,7.892,0.227,4.051,0.107,4.053,70.73,97.24,0.994,4.598,0.291,1,TRUE,TRUE,738.9,362.7,738.6,362.2,730.7,362.1,FALSE,63,0.39
0.752,47,TRACKING,11.985,0.331,11.648,0.284,7.965,0.234,4.043,0.149,4.046,70.61,97.07,0.994,4.519,0.448,1,TRUE,TRUE,738.7,363.8,738.2,364.9,728.9,362.4,FALSE,63,0.39
0.768,48,TRACKING,11.984,0.337,11.641,0.389,8.036,0.24,3.976,0.046,3.977,69.41,95.41,0.995,4.462,0.366,1,TRUE,TRUE,737.2,361.4,737,361.1,727.1,362.3,FALSE,63,0.41
0.784,49,TRACKING,11.984,0.343,11.696,0.352,8.106,0.245,3.846,0.089,3.847,67.15,92.29,0.995,4.353,0.351,1,TRUE,TRUE,734.1,362.3,734.4,362,725.3,362.3,FALSE,63,0.39
0.8,50,TRACKING,11.983,0.348,11.674,0.318,8.174,0.251,3.796,0.13,3.798,66.29,91.11,0.995,4.281,0.377,1,TRUE,TRUE,732.9,363.2,733.4,362.7,723.6,362.4,FALSE,63,0.39
0.816,51,TRACKING,11.983,0.354,11.63,0.341,8.243,0.257,3.774,0.113,3.776,65.9,90.58,0.995,4.275,0.361,1,TRUE,TRUE,732.4,362.7,733.2,362,722.1,362.3,FALSE,63,0.43
0.832,52,TRACKING,11.982,0.36,11.661,0.423,8.31,0.262,3.673,0.033,3.673,64.1,88.1,0.995,4.181,0.297,1,TRUE,TRUE,729.9,360.8,730.2,360.9,720.4,362.2,FALSE,63,0.39
0.848,53,TRACKING,11.982,0.366,11.686,0.324,8.374,0.267,3.575,0.139,3.578,62.44,85.81,0.996,4.043,0.326,1,TRUE,TRUE,727.4,363.2,727.6,362.5,718.6,362.3,FALSE,63,0.39
0.864,54,TRACKING,11.981,0.372,11.639,0.35,8.438,0.272,3.554,0.119,3.556,62.07,85.29,0.996,3.968,0.33,1,TRUE,TRUE,726.8,362.7,727.1,362.2,717,362.3,FALSE,63,0.42
0.88,55,TRACKING,11.98,0.377,11.619,0.396,8.5,0.277,3.509,0.076,3.509,61.25,84.17,0.996,3.915,0.299,1,TRUE,TRUE,725.7,361.8,726.1,361.4,715.5,362.2,FALSE,63,0.39
0.896,56,TRACKING,11.98,0.383,11.657,0.41,8.56,0.282,3.398,0.066,3.399,59.32,81.52,0.996,3.753,0.282,1,TRUE,TRUE,722.9,361.6,722.2,361.6,713.8,362.2,FALSE,63,0.4
0.912,57,TRACKING,11.979,0.389,11.647,0.323,8.618,0.288,3.338,0.167,3.343,58.34,80.16,0.996,3.622,0.397,1,TRUE,TRUE,721.3,364.1,720.9,364.5,712.1,362.4,FALSE,63,0.4
0.928,58,TRACKING,11.979,0.395,11.587,0.416,8.675,0.294,3.334,0.079,3.335,58.2,79.97,0.996,3.564,0.363,1,TRUE,TRUE,721.2,362.1,720.9,361.8,710.6,362.4,FALSE,63,0.4
0.944,59,TRACKING,11.978,0.401,11.599,0.43,8.731,0.299,3.259,0.069,3.259,56.89,78.16,0.996,3.499,0.335,1,TRUE,TRUE,719.3,361.9,719.4,361.7,709,362.3,FALSE,63,0.46
0.96,60,TRACKING,11.977,0.406,11.641,0.391,8.786,0.305,3.152,0.115,3.155,55.06,75.64,0.996,3.407,0.347,1,TRUE,TRUE,716.7,363,717.5,362.5,707.5,362.3,FALSE,63,0.4
0.976,61,TRACKING,11.977,0.412,11.593,0.366,8.84,0.311,3.141,0.148,3.144,54.87,75.39,0.996,3.368,0.365,1,TRUE,TRUE,716.5,363.7,717.3,362.7,706.1,362.4,FALSE,63,0.4
0.992,62,TRACKING,11.976,0.418,11.547,0.469,8.892,0.316,3.125,0.047,3.125,54.55,74.94,0.996,3.279,0.316,1,TRUE,TRUE,716.1,361.3,714.9,361.2,704.6,362.3,FALSE,63,0.41
1.008,63,TRACKING,11.975,0.424,11.601,0.422,8.943,0.321,3.008,0.099,3.01,52.53,72.17,0.996,3.177,0.312,1,TRUE,TRUE,713.4,362.4,713.1,362,703.1,362.3,FALSE,63,0.4
1.024,64,TRACKING,11.975,0.429,11.6,0.383,8.992,0.326,2.948,0.146,2.952,51.52,70.77,0.996,3.088,0.342,1,TRUE,TRUE,711.9,363.4,712,362.8,701.7,362.3,FALSE,63,0.39
1.04,65,TRACKING,11.974,0.435,11.519,0.435,9.042,0.331,2.975,0.099,2.977,51.96,71.37,0.996,3.077,0.328,1,TRUE,TRUE,712.7,362.3,712.6,361.9,700.4,362.3,FALSE,63,0.4
1.056,66,TRACKING,11.973,0.441,11.541,0.481,9.09,0.336,2.898,0.056,2.898,50.59,69.49,0.996,3.031,0.298,1,TRUE,TRUE,710.8,361.3,710.8,361.4,699.1,362.3,FALSE,63,0.4
1.072,67,TRACKING,11.972,0.447,11.602,0.405,9.138,0.341,2.78,0.139,2.784,48.59,66.73,0.996,2.959,0.319,1,TRUE,TRUE,708,363.3,709,362.5,697.8,362.3,FALSE,63,0.39
1.088,68,TRACKING,11.972,0.453,11.531,0.416,9.185,0.347,2.8,0.136,2.803,48.92,67.19,0.996,2.935,0.344,1,TRUE,TRUE,708.4,363.3,709,362.7,696.5,362.3,FALSE,63,0.39
1.104,69,TRACKING,11.971,0.458,11.491,0.497,9.232,0.352,2.791,0.059,2.792,48.73,66.93,0.996,2.936,0.309,1,TRUE,TRUE,708.2,361.5,708.8,361.3,695.4,362.3,FALSE,63,0.41
1.12,70,TRACKING,11.97,0.464,11.574,0.458,9.277,0.357,2.653,0.103,2.655,46.34,63.64,0.995,2.812,0.317,1,TRUE,TRUE,704.7,362.7,704.6,362.3,694.1,362.3,FALSE,63,0.39
1.136,71,TRACKING,11.97,0.47,11.556,0.419,9.32,0.363,2.617,0.151,2.621,45.75,62.83,0.995,2.721,0.364,1,TRUE,TRUE,703.7,363.9,703.9,363.4,692.8,362.4,FALSE,63,0.4
1.152,72,TRACKING,11.969,0.476,11.459,0.478,9.363,0.369,2.666,0.1,2.668,46.56,63.95,0.995,2.715,0.377,1,TRUE,TRUE,704.9,362.6,704.9,362.8,691.7,362.4,FALSE,63,0.41
1.168,73,TRACKING,11.968,0.482,11.512,0.526,9.406,0.374,2.563,0.055,2.564,44.75,61.46,0.995,2.653,0.333,1,TRUE,TRUE,702.3,361.5,702.6,361.3,690.5,362.3,FALSE,63,0.39
1.184,74,TRACKING,11.967,0.487,11.562,0.435,9.446,0.38,2.458,0.154,2.463,42.98,59.02,0.995,2.507,0.367,1,TRUE,TRUE,699.7,363.8,699,363.2,689.2,362.4,FALSE,63,0.4
1.2,75,TRACKING,11.966,0.493,11.461,0.475,9.486,0.386,2.513,0.121,2.516,43.92,60.31,0.995,2.505,0.368,1,TRUE,TRUE,701,362.9,701.5,362.4,688.1,362.4,FALSE,63,0.41
1.216,76,TRACKING,11.966,0.499,11.445,0.526,9.526,0.391,2.486,0.074,2.488,43.42,59.62,0.995,2.511,0.343,1,TRUE,TRUE,700.4,361.7,701,361.7,687.1,362.4,FALSE,63,0.39
1.232,77,TRACKING,11.965,0.505,11.541,0.513,9.565,0.396,2.341,0.09,2.343,40.89,56.15,0.994,2.421,0.301,1,TRUE,TRUE,696.9,362.1,697.6,361,685.9,362.3,FALSE,63,0.4
1.248,78,TRACKING,11.964,0.511,11.489,0.442,9.603,0.402,2.346,0.174,2.352,41.05,56.37,0.994,2.355,0.395,1,TRUE,TRUE,697.1,364.1,696.9,364.7,684.8,362.5,FALSE,63,0.4
1.264,79,TRACKING,11.963,0.516,11.403,0.547,9.64,0.408,2.39,0.072,2.391,41.74,57.32,0.994,2.35,0.353,1,TRUE,TRUE,698.2,361.7,697.7,361.4,683.9,362.4,FALSE,63,0.42
1.28,80,TRACKING,11.962,0.522,11.484,0.537,9.677,0.413,2.265,0.086,2.267,39.56,54.32,0.994,2.29,0.335,1,TRUE,TRUE,695.3,362.1,695.4,361.8,682.8,362.4,FALSE,63,0.39
1.296,81,TRACKING,11.962,0.528,11.51,0.504,9.712,0.42,2.193,0.13,2.197,38.35,52.66,0.994,2.218,0.39,1,TRUE,TRUE,693.6,363.2,693.9,363.9,681.7,362.5,FALSE,63,0.39
1.312,82,TRACKING,11.961,0.534,11.402,0.496,9.748,0.426,2.262,0.146,2.267,39.57,54.33,0.994,2.219,0.418,1,TRUE,TRUE,695.2,363.7,695,363.5,680.8,362.5,FALSE,63,0.4
1.328,83,TRACKING,11.96,0.54,11.421,0.604,9.783,0.432,2.205,0.041,2.205,38.48,52.84,0.993,2.21,0.364,1,TRUE,TRUE,693.9,361.3,694.2,361.1,679.9,362.5,FALSE,63,0.39
1.344,84,TRACKING,11.959,0.545,11.501,0.526,9.817,0.438,2.079,0.126,2.083,36.35,49.91,0.993,2.102,0.374,1,TRUE,TRUE,690.8,363.3,690.3,362.7,678.9,362.5,FALSE,63,0.39
1.36,85,TRACKING,11.958,0.551,11.426,0.52,9.85,0.444,2.114,0.139,2.119,36.98,50.77,0.993,2.058,0.39,1,TRUE,TRUE,691.5,363.5,691,362.9,677.9,362.5,FALSE,63,0.4
1.376,86,TRACKING,11.957,0.557,11.37,0.567,9.883,0.45,2.132,0.097,2.134,37.25,51.14,0.993,2.042,0.38,1,TRUE,TRUE,691.9,362.4,691,362.2,677,362.5,FALSE,63,0.39
1.392,87,TRACKING,11.956,0.563,11.453,0.612,9.914,0.456,2.008,0.056,2.008,35.05,48.13,0.993,1.966,0.351,1,TRUE,TRUE,688.8,361.4,688.3,361.5,676,362.5,FALSE,63,0.39
1.408,88,TRACKING,11.955,0.568,11.446,0.515,9.945,0.462,1.974,0.161,1.981,34.57,47.46,0.993,1.915,0.374,1,TRUE,TRUE,687.9,363.8,687.9,363,675.1,362.5,FALSE,63,0.4
1.424,89,TRACKING,11.954,0.574,11.356,0.569,9.975,0.468,2.03,0.112,2.033,35.48,48.71,0.993,1.922,0.365,1,TRUE,TRUE,689.2,362.6,689,362.1,674.3,362.5,FALSE,63,0.39
1.44,90,TRACKING,11.954,0.58,11.393,0.617,10.006,0.473,1.957,0.067,1.958,34.17,46.92,0.992,1.9,0.331,1,TRUE,TRUE,687.4,361.5,687.6,361.2,673.5,362.4,FALSE,63,0.39
1.456,91,TRACKING,11.953,0.586,11.446,0.584,10.035,0.479,1.866,0.106,1.869,32.63,44.79,0.992,1.836,0.333,1,TRUE,TRUE,685.3,362.5,685.4,362.1,672.6,362.4,FALSE,63,0.4
1.472,92,TRACKING,11.952,0.592,11.375,0.538,10.064,0.484,1.903,0.16,1.91,33.33,45.76,0.992,1.829,0.37,1,TRUE,TRUE,686.2,363.9,686.3,363.3,671.8,362.5,FALSE,63,0.41
1.488,93,TRACKING,11.951,0.597,11.351,0.628,10.094,0.49,1.896,0.074,1.898,33.12,45.47,0.992,1.841,0.347,1,TRUE,TRUE,686.1,361.9,686.4,361.6,671.1,362.5,FALSE,63,0.39
1.504,94,TRACKING,11.95,0.603,11.416,0.629,10.122,0.495,1.795,0.077,1.797,31.37,43.06,0.992,1.769,0.332,1,TRUE,TRUE,683.7,362.1,683,361.7,670.2,362.4,FALSE,63,0.41
1.52,95,TRACKING,11.949,0.609,11.399,0.566,10.15,0.502,1.778,0.151,1.784,31.14,42.74,0.992,1.719,0.406,1,TRUE,TRUE,683.3,363.9,682.7,364.7,669.4,362.5,FALSE,63,0.39
1.536,96,TRACKING,11.948,0.615,11.337,0.606,10.177,0.508,1.809,0.117,1.813,31.63,43.43,0.992,1.723,0.386,1,TRUE,TRUE,684.1,363,683.7,362,668.7,362.5,FALSE,63,0.39
1.552,97,TRACKING,11.947,0.621,11.367,0.666,10.204,0.514,1.747,0.061,1.748,30.5,41.88,0.992,1.69,0.362,1,TRUE,TRUE,682.7,361.7,681.9,361.7,668,362.5,FALSE,63,0.4
1.568,98,TRACKING,11.946,0.626,11.402,0.62,10.231,0.52,1.679,0.113,1.683,29.37,40.32,0.992,1.648,0.362,1,TRUE,TRUE,681,362.8,680.8,362.3,667.2,362.5,FALSE,63,0.39
1.584,99,TRACKING,11.945,0.632,11.354,0.581,10.257,0.526,1.698,0.159,1.705,29.76,40.85,0.992,1.639,0.382,1,TRUE,TRUE,681.5,363.8,681.2,363.1,666.5,362.5,FALSE,63,0.4
1.6,100,TRACKING,11.944,0.638,11.333,0.679,10.283,0.531,1.691,0.065,1.692,29.53,40.54,0.992,1.639,0.347,1,TRUE,TRUE,681.3,361.5,681,361.2,665.9,362.5,FALSE,63,0.4
1.616,101,TRACKING,11.943,0.644,11.38,0.658,10.309,0.537,1.614,0.089,1.617,28.22,38.73,0.992,1.618,0.333,1,TRUE,TRUE,679.4,362,679.7,361.7,665.2,362.4,FALSE,63,0.4
1.632,102,TRACKING,11.942,0.649,11.38,0.614,10.334,0.542,1.585,0.141,1.591,27.77,38.12,0.992,1.583,0.357,1,TRUE,TRUE,678.6,363.3,678.6,362.9,664.5,362.5,FALSE,63,0.39
1.648,103,TRACKING,11.941,0.655,11.331,0.633,10.36,0.548,1.608,0.128,1.613,28.16,38.65,0.992,1.585,0.36,1,TRUE,TRUE,679.1,363,679.2,362.4,663.9,362.5,FALSE,63,0.41
1.664,104,TRACKING,11.94,0.661,11.344,0.721,10.385,0.553,1.568,0.043,1.569,27.38,37.59,0.992,1.578,0.324,1,TRUE,TRUE,678.1,361.1,678.4,361,663.3,362.4,FALSE,63,0.39
1.68,105,TRACKING,11.939,0.667,11.389,0.63,10.41,0.559,1.496,0.14,1.502,26.22,35.99,0.993,1.546,0.348,1,TRUE,TRUE,676.3,363.5,676.9,362.9,662.7,362.4,FALSE,63,0.4
1.696,106,TRACKING,11.938,0.673,11.356,0.645,10.434,0.565,1.502,0.133,1.508,26.31,36.11,0.993,1.514,0.371,1,TRUE,TRUE,676.4,363.4,676.1,363.1,662,362.5,FALSE,63,0.42
1.712,107,TRACKING,11.936,0.678,11.319,0.695,10.458,0.571,1.515,0.089,1.518,26.49,36.36,0.993,1.525,0.364,1,TRUE,TRUE,676.7,362.4,677.1,362.2,661.5,362.5,FALSE,63,0.39
1.728,108,TRACKING,11.935,0.684,11.366,0.722,10.482,0.576,1.44,0.066,1.442,25.16,34.54,0.993,1.475,0.343,1,TRUE,TRUE,675,361.8,674.3,361.6,660.9,362.4,FALSE,63,0.39
1.744,109,TRACKING,11.934,0.69,11.384,0.626,10.505,0.583,1.395,0.173,1.405,24.53,33.66,0.993,1.43,0.413,1,TRUE,TRUE,673.9,364.3,673.6,364.9,660.2,362.5,FALSE,63,0.4
1.76,110,TRACKING,11.933,0.696,11.319,0.712,10.528,0.589,1.436,0.091,1.439,25.11,34.47,0.994,1.428,0.392,1,TRUE,TRUE,675,362.3,674.5,362,659.7,362.5,FALSE,63,0.39
1.776,111,TRACKING,11.932,0.701,11.326,0.733,10.55,0.595,1.406,0.075,1.408,24.57,33.73,0.994,1.424,0.369,1,TRUE,TRUE,674.3,361.8,674,361.7,659.2,362.5,FALSE,63,0.39
1.792,112,TRACKING,11.931,0.707,11.394,0.7,10.573,0.6,1.313,0.112,1.318,23,31.56,0.994,1.392,0.348,1,TRUE,TRUE,672.1,362.6,672.4,361.6,658.6,362.5,FALSE,63,0.39
1.808,113,TRACKING,11.93,0.713,11.352,0.658,10.595,0.606,1.331,0.161,1.341,23.4,32.12,0.995,1.382,0.37,1,TRUE,TRUE,672.6,363.7,672.5,363,658,362.5,FALSE,63,0.4
1.824,114,TRACKING,11.929,0.719,11.3,0.769,10.617,0.612,1.363,0.053,1.364,23.81,32.68,0.995,1.4,0.335,1,TRUE,TRUE,673.4,361.2,673.1,361,657.6,362.4,FALSE,63,0.39
1.84,115,TRACKING,11.927,0.725,11.374,0.727,10.639,0.617,1.266,0.1,1.27,22.16,30.42,0.995,1.372,0.334,1,TRUE,TRUE,671,362.4,671.1,362,657.1,362.4,FALSE,63,0.39
1.856,116,TRACKING,11.926,0.73,11.394,0.691,10.661,0.623,1.222,0.145,1.231,21.48,29.48,0.996,1.336,0.371,1,TRUE,TRUE,669.9,363.5,670,363.6,656.5,362.5,FALSE,63,0.41
1.872,117,TRACKING,11.925,0.736,11.307,0.728,10.682,0.629,1.29,0.114,1.295,22.61,31.03,0.996,1.368,0.373,1,TRUE,TRUE,671.5,362.9,672.1,362.5,656.1,362.5,FALSE,63,0.39
1.888,118,TRACKING,11.924,0.742,11.336,0.794,10.704,0.634,1.241,0.051,1.242,21.68,29.76,0.997,1.365,0.345,1,TRUE,TRUE,670.2,361.5,670.6,361.3,655.6,362.4,FALSE,63,0.39
1.904,119,TRACKING,11.923,0.748,11.415,0.713,10.725,0.64,1.136,0.14,1.145,19.98,27.42,0.997,1.289,0.363,1,TRUE,TRUE,667.6,363.6,667.1,362.9,655.1,362.5,FALSE,63,0.4
1.92,120,TRACKING,11.922,0.753,11.345,0.721,10.746,0.646,1.187,0.138,1.195,20.85,28.62,0.998,1.295,0.377,1,TRUE,TRUE,668.8,363.5,669.3,362.9,654.6,362.5,FALSE,63,0.39
1.936,121,TRACKING,11.92,0.759,11.304,0.797,10.767,0.652,1.212,0.067,1.214,21.18,29.07,0.998,1.328,0.362,1,TRUE,TRUE,669.4,361.8,670.1,361.9,654.3,362.5,FALSE,63,0.4
1.952,122,TRACKING,11.919,0.765,11.406,0.777,10.788,0.658,1.089,0.091,1.093,19.07,26.17,0.999,1.301,0.341,1,TRUE,TRUE,666.4,362.3,667.5,361.5,653.8,362.4,FALSE,63,0.4
1.968,123,TRACKING,11.918,0.771,11.399,0.719,10.808,0.663,1.074,0.156,1.085,18.93,25.98,0.999,1.246,0.363,1,TRUE,TRUE,666,363.7,665.7,363,653.3,362.4,FALSE,63,0.39
1.984,124,TRACKING,11.917,0.776,11.301,0.777,10.828,0.669,1.153,0.103,1.157,20.2,27.72,1,1.251,0.357,1,TRUE,TRUE,668,362.4,667.3,362.1,652.9,362.4,FALSE,63,0.39
2,125,TRACKING,11.915,0.782,11.363,0.827,10.847,0.674,1.071,0.057,1.073,18.72,25.7,1,1.228,0.325,1,TRUE,TRUE,666.1,361.3,665.7,361,652.4,362.4,FALSE,63,0.4
2.016,126,TRACKING,11.914,0.788,11.43,0.744,10.866,0.68,0.982,0.145,0.993,17.33,23.78,1,1.183,0.342,1,TRUE,TRUE,664,363.4,664.2,362.7,651.9,362.4,FALSE,63,0.39
2.032,127,TRACKING,11.913,0.794,11.334,0.764,10.885,0.685,1.06,0.131,1.068,18.64,25.58,1,1.186,0.344,1,TRUE,TRUE,665.9,363.1,665.4,362.2,651.5,362.4,FALSE,63,0.4
2.048,128,TRACKING,11.912,0.8,11.322,0.825,10.904,0.691,1.055,0.075,1.058,18.47,25.34,1,1.199,0.332,1,TRUE,TRUE,665.9,361.9,665.6,361.7,651.2,362.4,FALSE,63,0.4
2.064,129,TRACKING,11.91,0.805,11.427,0.818,10.923,0.696,0.93,0.087,0.934,16.3,22.37,1,1.161,0.328,1,TRUE,TRUE,662.9,362.2,663.1,361.9,650.7,362.3,FALSE,63,0.4
2.08,130,TRACKING,11.909,0.811,11.388,0.743,10.941,0.702,0.951,0.173,0.967,16.87,23.14,1,1.149,0.399,1,TRUE,TRUE,663.4,364.4,663.5,365.1,650.3,362.5,FALSE,63,0.39
2.096,131,TRACKING,11.908,0.817,11.311,0.84,10.96,0.708,1.013,0.081,1.016,17.73,24.34,1,1.173,0.377,1,TRUE,TRUE,664.9,362.2,664.6,361.8,650,362.4,FALSE,63,0.41
2.112,132,TRACKING,11.906,0.823,11.397,0.844,10.979,0.714,0.91,0.081,0.913,15.94,21.88,1,1.162,0.351,1,TRUE,TRUE,662.3,362.2,663,361.4,649.6,362.4,FALSE,63,0.4
2.128,133,TRACKING,11.905,0.828,11.433,0.805,10.997,0.72,0.855,0.126,0.864,15.09,20.7,1,1.128,0.361,1,TRUE,TRUE,661,363.2,661.5,362.7,649.2,362.4,FALSE,63,0.4
2.144,134,TRACKING,11.904,0.834,11.339,0.784,11.015,0.726,0.934,0.154,0.946,16.51,22.65,1,1.141,0.377,1,TRUE,TRUE,662.8,363.7,662.9,363,648.8,362.4,FALSE,63,0.42
2.16,135,TRACKING,11.902,0.84,11.361,0.896,11.033,0.731,0.897,0.045,0.898,15.67,21.51,1,1.143,0.34,1,TRUE,TRUE,661.8,361.1,662.2,360.9,648.5,362.4,FALSE,63,0.39
2.176,136,TRACKING,11.901,0.846,11.444,0.826,11.051,0.737,0.794,0.121,0.803,14.02,19.24,1,1.084,0.351,1,TRUE,TRUE,659.3,362.8,659.1,362.6,648.1,362.4,FALSE,63,0.39
2.192,137,TRACKING,11.9,0.851,11.388,0.815,11.068,0.743,0.834,0.141,0.846,14.76,20.25,1,1.084,0.395,1,TRUE,TRUE,660.2,363.3,660.8,364.2,647.7,362.5,FALSE,63,0.41
2.208,138,TRACKING,11.898,0.857,11.345,0.854,11.086,0.749,0.864,0.107,0.871,15.2,20.85,1,1.107,0.382,1,TRUE,TRUE,661,362.5,661.5,362.1,647.4,362.4,FALSE,63,0.4
2.224,139,TRACKING,11.897,0.863,11.423,0.914,11.103,0.755,0.768,0.051,0.769,13.43,18.43,1,1.058,0.349,1,TRUE,TRUE,658.7,361.2,658.2,361,647,362.4,FALSE,63,0.39
2.24,140,TRACKING,11.896,0.869,11.43,0.811,11.119,0.761,0.742,0.161,0.759,13.25,18.18,1,1.019,0.371,1,TRUE,TRUE,658.1,363.9,657.8,363.1,646.6,362.4,FALSE,63,0.41
2.256,141,TRACKING,11.894,0.874,11.357,0.86,11.135,0.766,0.8,0.117,0.808,14.1,19.35,1,1.016,0.366,1,TRUE,TRUE,659.5,363,658.7,362.2,646.3,362.4,FALSE,63,0.39
2.272,142,TRACKING,11.893,0.88,11.386,0.909,11.151,0.772,0.755,0.073,0.758,13.24,18.16,1,1.002,0.355,1,TRUE,TRUE,658.5,362,657.9,361.9,645.9,362.4,FALSE,63,0.39
2.288,143,TRACKING,11.891,0.886,11.441,0.892,11.167,0.778,0.682,0.096,0.689,12.03,16.5,1,0.971,0.353,1,TRUE,TRUE,656.8,362.5,656.7,362.1,645.6,362.4,FALSE,63,0.39
2.304,144,TRACKING,11.89,0.892,11.394,0.831,11.182,0.784,0.714,0.166,0.733,12.79,17.54,1,0.967,0.412,1,TRUE,TRUE,657.6,364.2,657.2,364.9,645.2,362.5,FALSE,63,0.4
2.32,145,TRACKING,11.889,0.897,11.368,0.926,11.198,0.791,0.727,0.076,0.731,12.75,17.5,1,0.977,0.387,1,TRUE,TRUE,658,362,657.6,361.7,644.9,362.5,FALSE,63,0.39
2.336,146,TRACKING,11.887,0.903,11.425,0.932,11.213,0.797,0.654,0.075,0.659,11.5,15.78,1,0.961,0.372,1,TRUE,TRUE,656.2,361.9,656.2,361.8,644.6,362.4,FALSE,63,0.4
2.352,147,TRACKING,11.886,0.909,11.432,0.872,11.228,0.803,0.632,0.142,0.648,11.3,15.5,1,0.936,0.387,1,TRUE,TRUE,655.6,363.4,655.3,363,644.3,362.5,FALSE,63,0.42
2.368,148,TRACKING,11.884,0.915,11.383,0.892,11.243,0.809,0.668,0.128,0.68,11.87,16.28,1,0.946,0.384,1,TRUE,TRUE,656.4,363,656.4,362.4,644,362.5,FALSE,63,0.39
2.384,149,TRACKING,11.883,0.92,11.398,0.967,11.258,0.815,0.639,0.056,0.641,11.19,15.36,1,0.944,0.353,1,TRUE,TRUE,655.7,361.3,655.7,361,643.7,362.4,FALSE,63,0.39
2.4,150,TRACKING,11.881,0.926,11.446,0.919,11.273,0.82,0.577,0.109,0.587,10.25,14.06,1,0.923,0.351,1,TRUE,TRUE,654.1,362.6,654.5,362,643.4,362.4,FALSE,63,0.41
2.416,151,TRACKING,11.88,0.932,11.421,0.883,11.288,0.827,0.588,0.156,0.608,10.62,14.55,1,0.914,0.415,1,TRUE,TRUE,654.3,363.7,654.6,365.1,643.1,362.5,FALSE,63,0.4
2.432,152,TRACKING,11.878,0.938,11.388,0.971,11.303,0.833,0.609,0.073,0.613,10.7,14.68,1,0.922,0.397,1,TRUE,TRUE,654.8,361.9,655,362,642.8,362.5,FALSE,63,0.4
2.448,153,TRACKING,11.877,0.943,11.431,0.971,11.317,0.839,0.552,0.077,0.557,9.73,13.34,1,0.91,0.376,1,TRUE,TRUE,653.4,362,653.9,361.6,642.5,362.4,FALSE,63,0.4
2.464,154,TRACKING,11.875,0.949,11.458,0.916,11.331,0.845,0.511,0.138,0.53,9.25,12.67,1,0.891,0.388,1,TRUE,TRUE,652.4,363.5,653.1,362.9,642.3,362.5,FALSE,63,0.4
2.48,155,TRACKING,11.874,0.955,11.4,0.933,11.338,0.852,0.557,0.128,0.572,9.98,13.68,1,0.386,0.395,1,TRUE,TRUE,653.4,363.3,653.9,362.8,642,362.5,FALSE,63,0.39
2.496,156,TRACKING,11.872,0.961,11.395,1.023,11.347,0.858,0.552,0.041,0.553,9.65,13.25,1,0.613,0.363,1,TRUE,TRUE,653.4,361.2,654,361.1,641.8,362.4,FALSE,63,0.43
2.512,157,TRACKING,11.871,0.966,11.456,0.944,11.36,0.863,0.476,0.126,0.492,8.59,11.78,1,0.773,0.365,1,TRUE,TRUE,651.7,363.1,650.9,362.3,641.5,362.4,FALSE,63,0.4
2.528,158,TRACKING,11.869,0.972,11.436,0.942,11.374,0.869,0.481,0.134,0.5,8.72,11.95,1,0.89,0.373,1,TRUE,TRUE,651.9,363.2,651.2,362.6,641.2,362.4,FALSE,63,0.39
2.544,159,TRACKING,11.868,0.978,11.385,0.993,11.39,0.875,0.523,0.088,0.53,9.26,12.7,1,0.98,0.361,1,TRUE,TRUE,653,362.1,653.5,361.7,641,362.4,FALSE,63,0.4
2.56,160,TRACKING,11.866,0.984,11.442,1.029,11.406,0.881,0.453,0.056,0.456,7.96,10.92,1,1.045,0.34,1,TRUE,TRUE,651.4,361.3,650.8,361.1,640.7,362.4,FALSE,63,0.39
2.576,161,TRACKING,11.864,0.989,11.487,0.93,11.424,0.887,0.394,0.165,0.427,7.46,10.21,1,1.095,0.408,1,TRUE,TRUE,650,363.8,650.3,365.2,640.4,362.5,FALSE,63,0.39
2.592,162,TRACKING,11.863,0.995,11.418,1.006,11.442,0.893,0.452,0.094,0.462,8.06,11.05,1,1.134,0.393,1,TRUE,TRUE,651.4,362.2,650.8,362,640.2,362.5,FALSE,63,0.4
2.608,163,TRACKING,11.861,1.001,11.424,1.035,11.461,0.899,0.435,0.069,0.44,7.68,10.54,1,1.167,0.37,1,TRUE,TRUE,651,361.7,650.5,361.4,639.9,362.4,FALSE,63,0.4
2.624,164,TRACKING,11.86,1.007,11.506,1.011,11.471,0.905,0.337,0.098,0.351,6.13,8.41,1,0.628,0.365,1,TRUE,TRUE,648.4,362.5,648.3,362,639.6,362.4,FALSE,63,0.39
2.64,165,TRACKING,11.858,1.012,11.464,0.958,11.481,0.912,0.367,0.161,0.401,7,9.58,1,0.655,0.42,1,TRUE,TRUE,649,364,648.9,364.8,639.4,362.5,FALSE,63,0.4
2.656,166,TRACKING,11.856,1.018,11.397,1.075,11.492,0.918,0.424,0.049,0.427,7.44,10.21,1,0.696,0.4,1,TRUE,TRUE,650.3,361.5,649.8,361.9,639.1,362.5,FALSE,63,0.46
2.672,167,TRACKING,11.855,1.024,11.479,1.041,11.504,0.925,0.329,0.088,0.341,5.95,8.15,1,0.697,0.394,1,TRUE,TRUE,648,362.4,648.2,362.3,638.9,362.5,FALSE,63,0.41
2.688,168,TRACKING,11.853,1.03,11.506,1.004,11.514,0.931,0.288,0.131,0.316,5.52,7.55,1,0.681,0.4,1,TRUE,TRUE,647,363.4,647.2,362.7,638.6,362.5,FALSE,63,0.4
2.704,169,TRACKING,11.851,1.035,11.408,1.025,11.526,0.937,0.376,0.116,0.394,6.87,9.41,1,0.707,0.398,1,TRUE,TRUE,649.1,362.9,648.9,362.5,638.4,362.5,FALSE,63,0.39
2.72,170,TRACKING,11.85,1.041,11.436,1.108,11.537,0.943,0.338,0.036,0.34,5.93,8.14,1,0.715,0.365,1,TRUE,TRUE,648.2,360.9,648.2,360.9,638.2,362.4,FALSE,63,0.39
2.736,171,TRACKING,11.848,1.047,11.525,1.024,11.548,0.949,0.234,0.127,0.267,4.65,6.36,1,0.672,0.379,1,TRUE,TRUE,645.8,363,645.6,362.8,637.9,362.4,FALSE,63,0.41
2.752,172,TRACKING,11.846,1.053,11.451,1.026,11.559,0.955,0.297,0.129,0.324,5.66,7.74,1,0.674,0.367,1,TRUE,TRUE,647.3,363,647.1,361.7,637.7,362.4,FALSE,63,0.4
2.768,173,TRACKING,11.845,1.058,11.404,1.093,11.57,0.961,0.336,0.067,0.343,5.98,8.21,1,0.702,0.35,1,TRUE,TRUE,648.3,361.5,648.3,361.3,637.5,362.4,FALSE,63,0.4
2.784,174,TRACKING,11.843,1.064,11.509,1.093,11.581,0.966,0.219,0.07,0.23,4.02,5.5,1,0.682,0.336,1,TRUE,TRUE,645.6,361.6,646,361.3,637.3,362.3,FALSE,63,0.47
2.8,175,TRACKING,11.841,1.07,11.506,1.02,11.592,0.972,0.211,0.15,0.259,4.52,6.16,1,0.669,0.36,1,TRUE,TRUE,645.5,363.6,645.9,363,637,362.4,FALSE,63,0.4
2.816,176,TRACKING,11.84,1.075,11.41,1.079,11.603,0.978,0.3,0.096,0.315,5.5,7.54,1,0.709,0.356,1,TRUE,TRUE,647.6,362.4,648.3,361.9,636.9,362.3,FALSE,63,0.4
2.832,177,TRACKING,11.838,1.081,11.473,1.13,11.614,0.983,0.228,0.049,0.233,4.07,5.58,1,0.708,0.341,1,TRUE,TRUE,645.9,361.4,646.5,361.4,636.7,362.3,FALSE,63,0.46
2.848,178,TRACKING,11.836,1.087,11.54,1.061,11.625,0.989,0.147,0.124,0.193,3.36,4.57,1,0.648,0.356,1,TRUE,TRUE,643.9,363.2,643.2,362.7,636.4,362.3,FALSE,63,0.43
2.864,179,TRACKING,11.834,1.093,11.45,1.061,11.635,0.995,0.229,0.131,0.264,4.61,6.29,1,0.665,0.372,1,TRUE,TRUE,645.9,363.4,646.2,362.9,636.3,362.3,FALSE,63,0.4
2.88,180,TRACKING,11.833,1.098,11.437,1.133,11.646,1,0.233,0.064,0.242,4.22,5.79,1,0.681,0.353,1,TRUE,TRUE,645.9,361.7,646.2,361.4,636.1,362.3,FALSE,63,0.4
2.896,181,TRACKING,11.831,1.104,11.537,1.129,11.656,1.006,0.121,0.072,0.141,2.46,3.36,1,0.629,0.349,1,TRUE,TRUE,643.1,361.9,642.7,361.9,635.9,362.3,FALSE,63,0.45
2.912,182,TRACKING,11.829,1.11,11.5,1.052,11.666,1.012,0.146,0.157,0.215,3.75,5.09,1,0.601,0.392,1,TRUE,TRUE,643.6,363.8,643.1,364.2,635.6,362.3,FALSE,63,0.39
2.928,183,TRACKING,11.827,1.116,11.428,1.134,11.676,1.018,0.211,0.08,0.226,3.94,5.39,1,0.632,0.372,1,TRUE,TRUE,645.2,361.9,645.6,361.6,635.5,362.3,FALSE,63,0.4
2.944,184,TRACKING,11.826,1.121,11.501,1.154,11.685,1.024,0.126,0.064,0.141,2.47,3.37,1,0.597,0.348,1,TRUE,TRUE,643.1,361.5,642.5,361.1,635.3,362.3,FALSE,63,0.39
2.96,185,TRACKING,11.824,1.127,11.534,1.113,11.694,1.029,0.08,0.111,0.137,2.39,3.24,1,0.555,0.352,1,TRUE,TRUE,642,362.6,641.5,362.2,635,362.3,FALSE,63,0.39
2.976,186,TRACKING,11.822,1.133,11.452,1.087,11.704,1.036,0.155,0.146,0.213,3.72,5.06,1,0.586,0.407,1,TRUE,TRUE,643.8,363.5,644.6,364.8,634.9,362.4,FALSE,63,0.42
2.992,187,TRACKING,11.82,1.138,11.463,1.201,11.713,1.042,0.135,0.037,0.14,2.44,3.34,1,0.573,0.377,1,TRUE,TRUE,643.3,361,642.6,361.2,634.7,362.3,FALSE,63,0.41
3.008,188,TRACKING,11.818,1.144,11.536,1.142,11.722,1.048,0.05,0.1,0.112,1.95,2.63,1,0.539,0.372,1,TRUE,TRUE,641.4,362.5,641.2,362.1,634.4,362.3,FALSE,63,0.39
3.024,189,TRACKING,11.816,1.15,11.493,1.12,11.73,1.054,0.083,0.129,0.153,2.67,3.62,1,0.529,0.382,1,TRUE,TRUE,642.2,363.3,641.8,362.8,634.2,362.3,FALSE,63,0.41
3.04,190,TRACKING,11.815,1.156,11.447,1.152,11.739,1.06,0.12,0.103,0.158,2.76,3.76,1,0.538,0.378,1,TRUE,TRUE,643.2,362.7,642.6,362.2,634.1,362.3,FALSE,63,0.39
3.056,191,LOCKED,11.813,1.161,11.508,1.224,11.747,1.065,0.049,0.033,0.06,1.04,1.42,1,0.521,0.344,1,TRUE,TRUE,641.5,361.1,641.2,360.6,633.9,362.3,TRUE,63,0.41
3.072,192,LOCKED,11.811,1.167,11.525,1.119,11.755,1.071,0.023,0.145,0.146,2.56,3.44,1,0.507,0.364,1,TRUE,TRUE,640.9,363.6,641,362.9,633.7,362.3,TRUE,63,0.4
3.088,193,LOCKED,11.809,1.173,11.465,1.161,11.763,1.077,0.074,0.109,0.132,2.3,3.11,1,0.515,0.365,1,TRUE,TRUE,642.1,362.7,641.8,362.2,633.5,362.3,TRUE,63,0.39
3.104,194,LOCKED,11.807,1.178,11.477,1.208,11.772,1.083,0.054,0.066,0.085,1.49,2.02,1,0.516,0.348,1,TRUE,TRUE,641.6,361.6,641.4,361.3,633.4,362.2,TRUE,63,0.39
3.12,195,LOCKED,11.805,1.184,11.528,1.205,11.779,1.088,-0.007,0.073,0.073,1.28,1.72,1,0.496,0.336,1,TRUE,TRUE,640.1,361.7,640.2,361.4,633.2,362.2,TRUE,63,0.4
3.136,196,LOCKED,11.803,1.19,11.502,1.125,11.787,1.094,0.011,0.16,0.16,2.79,3.76,1,0.485,0.354,1,TRUE,TRUE,640.5,363.7,640.3,362.7,633,362.2,TRUE,63,0.39
3.152,197,LOCKED,11.801,1.196,11.465,1.22,11.795,1.099,0.039,0.069,0.079,1.38,1.87,1,0.487,0.335,1,TRUE,TRUE,641.1,361.6,640.7,361.1,632.9,362.2,TRUE,63,0.39
3.168,198,LOCKED,11.8,1.201,11.504,1.227,11.803,1.104,-0.009,0.065,0.066,1.15,1.55,1,0.476,0.323,1,TRUE,TRUE,639.9,361.5,639.8,361.2,632.7,362.1,TRUE,63,0.41
3.184,199,LOCKED,11.798,1.207,11.528,1.175,11.81,1.11,-0.043,0.124,0.131,2.28,3.08,1,0.455,0.338,1,TRUE,TRUE,639,363,639.1,362.5,632.5,362.1,TRUE,63,0.39
3.2,200,LOCKED,11.796,1.213,11.483,1.174,11.817,1.115,-0.005,0.131,0.131,2.28,3.07,1,0.458,0.352,1,TRUE,TRUE,639.9,363.3,639.9,362.7,632.4,362.2,TRUE,63,0.39
3.216,201,LOCKED,11.794,1.218,11.475,1.264,11.825,1.121,-0.005,0.045,0.045,0.78,1.05,1,0.466,0.328,1,TRUE,TRUE,639.9,361.3,640.1,360.9,632.3,362.1,TRUE,63,0.41
3.232,202,LOCKED,11.792,1.224,11.529,1.216,11.832,1.126,-0.067,0.099,0.119,2.08,2.82,1,0.451,0.338,1,TRUE,TRUE,638.4,362.6,638.9,362.3,632.1,362.1,TRUE,63,0.49
3.248,203,LOCKED,11.79,1.23,11.52,1.175,11.839,1.132,-0.067,0.146,0.16,2.8,3.77,1,0.441,0.358,1,TRUE,TRUE,638.5,363.7,638.8,363,631.9,362.1,TRUE,63,0.4
3.264,204,LOCKED,11.788,1.236,11.468,1.248,11.846,1.137,-0.021,0.078,0.081,1.41,1.9,1,0.453,0.348,1,TRUE,TRUE,639.6,362.1,639.7,361.7,631.8,362.1,TRUE,63,0.4
3.28,205,LOCKED,11.786,1.241,11.504,1.269,11.853,1.143,-0.064,0.061,0.089,1.55,2.11,1,0.449,0.334,1,TRUE,TRUE,638.7,361.6,638.9,361.3,631.7,362.1,TRUE,63,0.39
3.296,206,LOCKED,11.784,1.247,11.55,1.206,11.86,1.149,-0.119,0.133,0.178,3.11,4.22,1,0.435,0.377,1,TRUE,TRUE,637.4,363.2,638.2,364.1,631.6,362.2,TRUE,63,0.39
3.312,207,LOCKED,11.782,1.253,11.493,1.22,11.867,1.155,-0.069,0.126,0.143,2.5,3.38,1,0.437,0.382,1,TRUE,TRUE,638.7,363,638.7,362.7,631.4,362.2,TRUE,63,0.41
3.328,208,LOCKED,11.78,1.258,11.474,1.308,11.875,1.16,-0.056,0.041,0.069,1.21,1.65,1,0.45,0.351,1,TRUE,TRUE,639,360.9,639.2,360.9,631.3,362.1,TRUE,63,0.39
3.344,209,LOCKED,11.778,1.264,11.551,1.245,11.881,1.166,-0.141,0.11,0.179,3.12,4.25,1,0.431,0.352,1,TRUE,TRUE,636.9,362.5,637.5,362.1,631.2,362.1,TRUE,63,0.39
3.36,210,LOCKED,11.776,1.27,11.538,1.226,11.888,1.172,-0.136,0.135,0.191,3.34,4.53,1,0.419,0.364,1,TRUE,TRUE,637,363.2,637.5,362.7,631.1,362.1,TRUE,63,0.41
3.376,211,LOCKED,11.774,1.275,11.466,1.279,11.895,1.177,-0.069,0.086,0.11,1.93,2.61,0.999,0.442,0.352,1,TRUE,TRUE,638.6,362.1,639,361.6,631,362.1,TRUE,63,0.39
3.392,212,LOCKED,11.772,1.281,11.522,1.324,11.902,1.183,-0.133,0.047,0.141,2.46,3.37,0.998,0.425,0.348,1,TRUE,TRUE,637,361.3,637.1,361.9,630.9,362.1,TRUE,63,0.4
3.408,213,TRACKING,11.77,1.287,11.573,1.223,11.908,1.189,-0.194,0.155,0.248,4.33,5.9,0.997,0.373,0.373,1,TRUE,TRUE,635.4,363.9,634.9,363.3,630.6,362.1,FALSE,63,0.41
3.424,214,LOCKED,11.768,1.293,11.488,1.286,11.914,1.195,-0.115,0.098,0.151,2.63,3.58,0.996,0.388,0.369,1,TRUE,TRUE,637.3,362.6,637.7,362.1,630.5,362.1,TRUE,63,0.39
3.44,215,LOCKED,11.766,1.298,11.481,1.324,11.921,1.201,-0.114,0.065,0.131,2.28,3.12,0.995,0.405,0.354,1,TRUE,TRUE,637.3,361.8,637.8,361.5,630.5,362.1,TRUE,63,0.39
3.456,216,TRACKING,11.763,1.304,11.577,1.306,11.927,1.206,-0.219,0.087,0.236,4.12,5.64,0.993,0.364,0.347,1,TRUE,TRUE,634.7,362.3,634.9,361.7,630.3,362.1,FALSE,63,0.39
3.472,217,TRACKING,11.761,1.31,11.532,1.239,11.932,1.212,-0.183,0.162,0.245,4.27,5.8,0.992,0.327,0.366,1,TRUE,TRUE,635.6,363.9,634.5,362.9,630.1,362.1,FALSE,63,0.4
3.488,218,LOCKED,11.759,1.315,11.457,1.353,11.938,1.217,-0.113,0.052,0.124,2.17,2.97,0.991,0.363,0.345,1,TRUE,TRUE,637.3,361.3,637.8,361.1,630,362.1,TRUE,63,0.39
3.504,219,TRACKING,11.757,1.321,11.542,1.327,11.943,1.223,-0.208,0.082,0.223,3.9,5.33,0.99,0.329,0.338,1,TRUE,TRUE,635.1,361.9,634.4,361.6,629.9,362.1,FALSE,63,0.4
3.52,220,TRACKING,11.755,1.327,11.572,1.289,11.948,1.229,-0.247,0.126,0.278,4.84,6.62,0.989,0.293,0.35,1,TRUE,TRUE,634.2,362.9,633.8,362.5,629.7,362.1,FALSE,63,0.4
3.536,221,LOCKED,11.753,1.332,11.469,1.295,11.953,1.234,-0.148,0.126,0.195,3.4,4.62,0.988,0.34,0.353,1,TRUE,TRUE,636.7,362.9,637.7,362.2,629.7,362.1,TRUE,63,0.39
3.552,222,LOCKED,11.751,1.338,11.497,1.392,11.959,1.24,-0.181,0.033,0.184,3.21,4.4,0.987,0.36,0.337,1,TRUE,TRUE,635.9,360.8,636.8,361.2,629.6,362,TRUE,63,0.4
3.568,223,TRACKING,11.749,1.344,11.589,1.307,11.964,1.245,-0.282,0.124,0.308,5.38,7.35,0.986,0.312,0.351,1,TRUE,TRUE,633.5,363,633.3,362.6,629.4,362.1,FALSE,63,0.4
3.584,224,TRACKING,11.746,1.349,11.513,1.308,11.969,1.251,-0.214,0.13,0.25,4.37,5.96,0.985,0.303,0.365,1,TRUE,TRUE,635.2,363.3,634.7,362.8,629.3,362.1,FALSE,63,0.39
3.6,225,LOCKED,11.744,1.355,11.464,1.366,11.974,1.257,-0.168,0.077,0.185,3.23,4.41,0.984,0.341,0.355,1,TRUE,TRUE,636.3,362.1,636.9,361.7,629.3,362.1,TRUE,63,0.4
3.616,226,TRACKING,11.742,1.361,11.566,1.387,11.979,1.262,-0.278,0.06,0.284,4.96,6.81,0.983,0.307,0.338,1,TRUE,TRUE,633.6,361.7,633.5,361.2,629.1,362,FALSE,63,0.4
3.632,227,TRACKING,11.74,1.367,11.561,1.305,11.983,1.268,-0.282,0.152,0.32,5.59,7.64,0.982,0.278,0.393,1,TRUE,TRUE,633.4,363.9,633.2,364.7,629,362.1,FALSE,63,0.39
3.648,228,LOCKED,11.738,1.372,11.464,1.364,11.988,1.275,-0.19,0.099,0.214,3.74,5.11,0.981,0.287,0.385,1,TRUE,TRUE,635.5,362.6,634.8,362.1,628.9,362.1,TRUE,63,0.39
3.664,229,TRACKING,11.736,1.378,11.517,1.415,11.992,1.28,-0.251,0.052,0.256,4.48,6.14,0.981,0.273,0.36,1,TRUE,TRUE,634,361.4,633.6,361.1,628.8,362.1,FALSE,63,0.4
3.68,230,TRACKING,11.733,1.384,11.58,1.36,11.996,1.286,-0.323,0.112,0.342,5.97,8.18,0.98,0.236,0.364,1,TRUE,TRUE,632.2,362.7,632.1,362.3,628.6,362.1,FALSE,63,0.39
3.696,231,TRACKING,11.731,1.389,11.493,1.34,12,1.292,-0.243,0.139,0.28,4.89,6.67,0.979,0.232,0.373,1,TRUE,TRUE,634.1,363.3,633.4,362.6,628.5,362.1,FALSE,63,0.42
3.712,232,TRACKING,11.729,1.395,11.474,1.419,12.004,1.298,-0.231,0.063,0.239,4.17,5.72,0.978,0.239,0.347,1,TRUE,TRUE,634.4,361.4,633.8,360.8,628.4,362,FALSE,63,0.4
3.728,233,TRACKING,11.727,1.401,11.562,1.418,12.007,1.303,-0.326,0.069,0.334,5.82,7.98,0.978,0.211,0.336,1,TRUE,TRUE,632.1,361.6,632,361.3,628.2,362,FALSE,63,0.39
3.744,234,TRACKING,11.724,1.406,11.532,1.342,12.01,1.309,-0.304,0.152,0.34,5.93,8.11,0.977,0.201,0.36,1,TRUE,TRUE,632.7,363.6,632.6,363,628.1,362.1,FALSE,63,0.39
3.76,235,TRACKING,11.722,1.412,11.463,1.407,12.014,1.314,-0.24,0.092,0.257,4.48,6.14,0.976,0.218,0.355,1,TRUE,TRUE,634.3,362.3,633.8,361.8,628,362,FALSE,63,0.41
3.776,236,TRACKING,11.72,1.418,11.52,1.445,12.017,1.32,-0.305,0.058,0.31,5.41,7.42,0.976,0.201,0.338,1,TRUE,TRUE,632.8,361.6,632.2,361.1,627.9,362,FALSE,63,0.4
3.792,237,TRACKING,11.718,1.423,11.554,1.401,12.02,1.325,-0.346,0.108,0.362,6.32,8.66,0.975,0.182,0.347,1,TRUE,TRUE,631.9,362.8,631.8,362.2,627.8,362,FALSE,63,0.39
3.808,238,TRACKING,11.715,1.429,11.483,1.367,12.023,1.331,-0.281,0.149,0.318,5.55,7.59,0.975,0.194,0.37,1,TRUE,TRUE,633.5,363.8,633.1,363.2,627.7,362,FALSE,63,0.44
3.824,239,TRACKING,11.713,1.435,11.483,1.476,12.026,1.337,-0.285,0.044,0.289,5.04,6.91,0.974,0.204,0.351,1,TRUE,TRUE,633.4,361.3,633.1,361.2,627.6,362,FALSE,63,0.39
3.84,240,TRACKING,11.711,1.44,11.545,1.433,12.029,1.343,-0.354,0.093,0.366,6.39,8.76,0.974,0.189,0.351,1,TRUE,TRUE,631.8,362.4,631.9,361.9,627.5,362,FALSE,63,0.39
3.856,241,TRACKING,11.708,1.446,11.518,1.4,12.032,1.348,-0.334,0.131,0.359,6.26,8.57,0.973,0.181,0.35,1,TRUE,TRUE,632.2,363.2,632,361.9,627.4,362,FALSE,63,0.41
3.872,242,TRACKING,11.706,1.452,11.472,1.425,12.035,1.354,-0.292,0.112,0.313,5.46,7.48,0.973,0.193,0.346,1,TRUE,TRUE,633.2,362.7,632.9,361.7,627.4,362,FALSE,63,0.39
3.888,243,TRACKING,11.704,1.457,11.512,1.506,12.038,1.359,-0.339,0.034,0.34,5.94,8.15,0.973,0.187,0.321,1,TRUE,TRUE,632,360.8,632,360.6,627.3,361.9,FALSE,63,0.39
3.904,244,TRACKING,11.701,1.463,11.539,1.404,12.041,1.364,-0.372,0.142,0.398,6.95,9.51,0.972,0.17,0.342,1,TRUE,TRUE,631.1,363.3,631.3,362.7,627.2,362,FALSE,63,0.39
3.92,245,TRACKING,11.699,1.469,11.491,1.435,12.044,1.37,-0.329,0.117,0.349,6.1,8.35,0.972,0.171,0.348,1,TRUE,TRUE,632.1,362.7,631.9,362.2,627.1,362,FALSE,63,0.4
3.936,246,TRACKING,11.697,1.474,11.48,1.483,12.046,1.375,-0.324,0.074,0.332,5.8,7.95,0.972,0.171,0.339,1,TRUE,TRUE,632.2,361.8,631.8,361.5,627,361.9,FALSE,63,0.39
3.952,247,TRACKING,11.694,1.48,11.528,1.494,12.049,1.381,-0.378,0.067,0.384,6.71,9.2,0.972,0.161,0.329,1,TRUE,TRUE,630.8,361.7,631.2,361.3,627,361.9,FALSE,63,0.39
3.968,248,TRACKING,11.692,1.486,11.522,1.406,12.051,1.387,-0.377,0.165,0.412,7.19,9.83,0.972,0.151,0.388,1,TRUE,TRUE,630.8,364.1,631.1,364.8,626.9,362,FALSE,63,0.41
3.984,249,TRACKING,11.69,1.491,11.473,1.501,12.054,1.393,-0.333,0.075,0.342,5.96,8.17,0.972,0.16,0.374,1,TRUE,TRUE,631.9,362.1,631.9,361.7,626.8,362,FALSE,63,0.39
4,250,TRACKING,11.687,1.497,11.496,1.514,12.057,1.398,-0.362,0.067,0.368,6.42,8.8,0.972,0.159,0.36,1,TRUE,TRUE,631.3,361.9,631.3,361.5,626.8,362,FALSE,63,0.39
4.016,251,TRACKING,11.685,1.503,11.539,1.471,12.059,1.404,-0.411,0.115,0.427,7.45,10.2,0.972,0.149,0.362,1,TRUE,TRUE,630.2,363,630.8,362.1,626.7,362,FALSE,63,0.4
4.032,252,TRACKING,11.682,1.508,11.496,1.452,12.061,1.41,-0.372,0.141,0.398,6.95,9.51,0.972,0.156,0.378,1,TRUE,TRUE,631.2,363.5,631.5,362.9,626.6,362,FALSE,63,0.4
4.048,253,TRACKING,11.68,1.514,11.467,1.554,12.064,1.416,-0.346,0.043,0.349,6.09,8.36,0.972,0.17,0.353,1,TRUE,TRUE,631.9,361.1,631.9,360.9,626.6,362,FALSE,63,0.39
4.064,254,TRACKING,11.678,1.52,11.528,1.508,12.067,1.422,-0.413,0.095,0.424,7.41,10.15,0.972,0.157,0.352,1,TRUE,TRUE,630.3,362.3,630.6,361.9,626.5,362,FALSE,63,0.4
4.08,255,TRACKING,11.675,1.525,11.533,1.468,12.069,1.427,-0.424,0.141,0.447,7.8,10.68,0.972,0.145,0.367,1,TRUE,TRUE,630.1,363.3,630.4,362.7,626.4,362,FALSE,63,0.39
4.096,256,TRACKING,11.673,1.531,11.464,1.525,12.072,1.433,-0.357,0.089,0.368,6.43,8.81,0.973,0.167,0.354,1,TRUE,TRUE,631.7,362,632,361.4,626.4,362,FALSE,63,0.39
4.112,257,TRACKING,11.67,1.537,11.494,1.567,12.074,1.439,-0.392,0.052,0.395,6.9,9.46,0.973,0.17,0.343,1,TRUE,TRUE,630.8,361.2,631.2,361.3,626.4,361.9,FALSE,63,0.4
4.128,258,TRACKING,11.668,1.542,11.557,1.493,12.077,1.444,-0.461,0.132,0.479,8.36,11.46,0.973,0.145,0.358,1,TRUE,TRUE,629.1,363.2,629.6,362.6,626.3,361.9,FALSE,63,0.39
4.144,259,TRACKING,11.665,1.548,11.492,1.505,12.079,1.45,-0.4,0.127,0.42,7.33,10.04,0.974,0.148,0.37,1,TRUE,TRUE,630.5,363.1,630.7,362.6,626.3,362,FALSE,63,0.39
4.16,260,TRACKING,11.663,1.553,11.458,1.589,12.082,1.456,-0.37,0.047,0.373,6.5,8.92,0.974,0.162,0.353,1,TRUE,TRUE,631.1,361.3,631.3,361.2,626.2,361.9,FALSE,63,0.39
4.176,261,TRACKING,11.66,1.559,11.546,1.545,12.084,1.462,-0.464,0.097,0.474,8.27,11.34,0.975,0.14,0.363,1,TRUE,TRUE,628.8,362.6,629.5,362.4,626.2,362,FALSE,63,0.39
4.192,262,TRACKING,11.658,1.565,11.537,1.51,12.086,1.468,-0.459,0.139,0.48,8.37,11.47,0.975,0.132,0.38,1,TRUE,TRUE,628.9,363.6,629.9,362.9,626.1,362,FALSE,63,0.39
4.208,263,TRACKING,11.655,1.57,11.448,1.567,12.088,1.474,-0.374,0.088,0.384,6.7,9.19,0.975,0.148,0.376,1,TRUE,TRUE,630.9,362.3,631,361.9,626.1,362,FALSE,63,0.41
4.224,264,TRACKING,11.653,1.576,11.507,1.615,12.091,1.48,-0.437,0.044,0.439,7.67,10.52,0.976,0.14,0.355,1,TRUE,TRUE,629.4,361.2,629.9,361,626,361.9,FALSE,63,0.39
4.24,265,TRACKING,11.65,1.582,11.565,1.52,12.092,1.486,-0.504,0.146,0.524,9.15,12.54,0.977,0.086,0.375,1,TRUE,TRUE,627.8,363.5,627.2,362.9,625.9,362,FALSE,63,0.41
4.256,266,TRACKING,11.648,1.587,11.471,1.567,12.094,1.492,-0.413,0.105,0.426,7.44,10.2,0.977,0.105,0.384,1,TRUE,TRUE,630.1,362.5,630.4,362.6,625.9,362,FALSE,63,0.4
4.272,267,TRACKING,11.645,1.593,11.459,1.615,12.096,1.498,-0.404,0.062,0.409,7.14,9.79,0.978,0.122,0.373,1,TRUE,TRUE,630.4,361.4,630.5,361.6,625.8,362,FALSE,63,0.39
4.288,268,TRACKING,11.643,1.599,11.559,1.604,12.097,1.503,-0.513,0.079,0.519,9.05,12.42,0.978,0.075,0.362,1,TRUE,TRUE,627.8,361.8,627.2,361.5,625.7,362,FALSE,63,0.39
4.304,269,TRACKING,11.64,1.604,11.515,1.529,12.098,1.51,-0.473,0.16,0.499,8.72,11.94,0.979,0.081,0.383,1,TRUE,TRUE,628.8,363.8,629.4,363,625.7,362,FALSE,63,0.39
4.32,270,TRACKING,11.638,1.61,11.435,1.639,12.1,1.515,-0.395,0.055,0.399,6.96,9.55,0.98,0.114,0.366,1,TRUE,TRUE,630.7,361.4,631,361.2,625.7,362,FALSE,63,0.4
4.336,271,TRACKING,11.635,1.615,11.524,1.626,12.102,1.521,-0.488,0.073,0.493,8.61,11.81,0.981,0.12,0.366,1,TRUE,TRUE,628.5,361.9,629.9,362,625.7,362,FALSE,63,0.39
4.352,272,TRACKING,11.632,1.621,11.555,1.589,12.103,1.527,-0.527,0.117,0.539,9.41,12.91,0.981,0.075,0.377,1,TRUE,TRUE,627.6,363,627.1,362.5,625.5,362,FALSE,63,0.39
4.368,273,TRACKING,11.63,1.627,11.451,1.583,12.105,1.534,-0.424,0.13,0.444,7.74,10.61,0.982,0.103,0.391,1,TRUE,TRUE,630,363.3,630.4,362.8,625.5,362,FALSE,63,0.4
4.384,274,TRACKING,11.627,1.632,11.474,1.689,12.106,1.539,-0.451,0.027,0.452,7.89,10.83,0.983,0.113,0.364,1,TRUE,TRUE,629.3,360.9,629.8,360.8,625.5,362,FALSE,63,0.39
4.4,275,TRACKING,11.625,1.638,11.562,1.609,12.107,1.545,-0.547,0.113,0.559,9.75,13.38,0.984,0.059,0.375,1,TRUE,TRUE,626.9,362.9,626.4,362.4,625.4,362,FALSE,63,0.39
4.416,276,TRACKING,11.622,1.644,11.491,1.605,12.109,1.552,-0.48,0.124,0.496,8.65,11.86,0.984,0.068,0.387,1,TRUE,TRUE,628.5,363.1,629.1,362.6,625.4,362,FALSE,63,0.4
4.432,277,TRACKING,11.619,1.649,11.441,1.656,12.11,1.558,-0.432,0.079,0.439,7.67,10.51,0.985,0.094,0.39,1,TRUE,TRUE,629.6,362,630.1,362.3,625.4,362,FALSE,63,0.39
4.448,278,TRACKING,11.617,1.655,11.532,1.695,12.111,1.564,-0.531,0.043,0.533,9.3,12.76,0.986,0.048,0.365,1,TRUE,TRUE,627.1,361,626.5,360.8,625.3,362,FALSE,63,0.39
4.464,279,TRACKING,11.614,1.66,11.528,1.6,12.111,1.57,-0.534,0.146,0.554,9.66,13.24,0.987,0.014,0.383,1,TRUE,TRUE,627,363.4,626.5,362.8,625.1,362,FALSE,63,0.4
4.48,280,TRACKING,11.611,1.666,11.438,1.656,12.112,1.576,-0.447,0.094,0.457,7.97,10.93,0.988,0.046,0.38,1,TRUE,TRUE,629.2,362.2,629.6,361.9,625.1,362,FALSE,63,0.39
4.496,281,TRACKING,11.609,1.672,11.483,1.706,12.113,1.582,-0.496,0.049,0.498,8.7,11.93,0.989,0.051,0.36,1,TRUE,TRUE,628,361.1,628.6,361,625.1,361.9,FALSE,63,0.39
4.512,282,TRACKING,11.606,1.677,11.54,1.668,12.113,1.587,-0.56,0.093,0.568,9.92,13.6,0.989,0.006,0.363,1,TRUE,TRUE,626.5,362.3,625.9,361.9,625,361.9,FALSE,63,0.41
4.528,283,TRACKING,11.603,1.683,11.467,1.628,12.113,1.594,-0.491,0.14,0.511,8.91,12.21,0.99,0.027,0.383,1,TRUE,TRUE,628.3,363.5,628.9,362.9,625,362,FALSE,63,0.39
4.544,284,TRACKING,11.601,1.689,11.447,1.716,12.114,1.599,-0.473,0.056,0.476,8.31,11.4,0.991,0.051,0.368,1,TRUE,TRUE,628.8,361.6,629.3,361.3,625,361.9,FALSE,63,0.39
4.56,285,TRACKING,11.598,1.694,11.52,1.718,12.114,1.605,-0.552,0.059,0.555,9.69,13.3,0.992,0.016,0.36,1,TRUE,TRUE,626.9,361.7,626.3,361.4,624.9,361.9,FALSE,63,0.41
4.576,286,TRACKING,11.595,1.7,11.501,1.649,12.114,1.611,-0.539,0.135,0.556,9.71,13.31,0.993,-0.007,0.391,1,TRUE,TRUE,627.2,363.5,626.6,363.4,624.8,362,FALSE,63,0.39
4.592,287,TRACKING,11.592,1.705,11.44,1.696,12.115,1.618,-0.48,0.094,0.489,8.54,11.71,0.994,0.029,0.395,1,TRUE,TRUE,628.7,362.5,629.4,362.4,624.8,362,FALSE,63,0.39
4.608,288,TRACKING,11.59,1.711,11.478,1.751,12.115,1.624,-0.524,0.043,0.526,9.18,12.59,0.994,0.01,0.372,1,TRUE,TRUE,627.6,361.2,626.9,360.9,624.8,361.9,FALSE,63,0.41
4.624,289,TRACKING,11.587,1.717,11.513,1.706,12.114,1.63,-0.565,0.094,0.573,10,13.72,0.995,-0.018,0.372,1,TRUE,TRUE,626.6,362.3,626.1,361.9,624.7,361.9,FALSE,63,0.39
4.64,290,TRACKING,11.584,1.722,11.458,1.668,12.114,1.636,-0.516,0.139,0.534,9.32,12.77,0.996,-0.023,0.387,1,TRUE,TRUE,627.7,363.3,627,362.7,624.6,362,FALSE,63,0.39
4.656,291,TRACKING,11.581,1.728,11.44,1.769,12.114,1.642,-0.503,0.041,0.504,8.8,12.08,0.997,-0.027,0.362,1,TRUE,TRUE,627.9,360.9,627,360.7,624.6,361.9,FALSE,63,0.41
4.672,292,TRACKING,11.579,1.733,11.49,1.743,12.113,1.647,-0.558,0.072,0.563,9.82,13.47,0.998,-0.043,0.351,1,TRUE,TRUE,626.5,361.6,626.3,361.2,624.5,361.9,FALSE,63,0.39
4.688,293,TRACKING,11.576,1.739,11.481,1.701,12.112,1.653,-0.555,0.12,0.568,9.91,13.59,0.998,-0.061,0.365,1,TRUE,TRUE,626.5,362.8,626,362.3,624.4,361.9,FALSE,63,0.41
4.704,294,TRACKING,11.573,1.745,11.43,1.721,12.111,1.659,-0.509,0.105,0.519,9.06,12.43,0.999,-0.056,0.37,1,TRUE,TRUE,627.6,362.6,627,362.1,624.4,361.9,FALSE,63,0.39
4.72,295,TRACKING,11.57,1.75,11.447,1.809,12.11,1.665,-0.531,0.021,0.531,9.27,12.72,1,-0.063,0.345,1,TRUE,TRUE,627.1,360.7,626.5,360.5,624.3,361.9,FALSE,63,0.4
4.736,296,TRACKING,11.568,1.756,11.483,1.714,12.109,1.67,-0.574,0.121,0.586,10.23,14.03,1,-0.091,0.353,1,TRUE,TRUE,626.1,363.1,625.2,361.9,624.2,361.9,FALSE,63,0.39
4.752,297,TRACKING,11.565,1.761,11.445,1.732,12.107,1.676,-0.54,0.109,0.551,9.62,13.19,1,-0.089,0.361,1,TRUE,TRUE,626.9,362.9,626.5,362.1,624.2,361.9,FALSE,63,0.39
4.768,298,TRACKING,11.562,1.767,11.411,1.781,12.106,1.682,-0.51,0.065,0.514,8.97,12.31,1,-0.078,0.358,1,TRUE,TRUE,627.7,361.8,627,361.6,624.2,361.9,FALSE,63,0.4
4.784,299,TRACKING,11.559,1.773,11.456,1.805,12.104,1.687,-0.561,0.045,0.563,9.82,13.48,1,-0.088,0.345,1,TRUE,TRUE,626.6,361.3,626.1,361.1,624.1,361.8,FALSE,63,0.39
4.8,300,TRACKING,11.556,1.778,11.467,1.707,12.103,1.693,-0.577,0.151,0.597,10.42,14.28,1,-0.099,0.373,1,TRUE,TRUE,626.2,363.7,625.9,363.1,624,361.9,FALSE,63,0.39
4.816,301,TRACKING,11.553,1.784,11.404,1.795,12.102,1.699,-0.518,0.067,0.522,9.11,12.5,1,-0.085,0.359,1,TRUE,TRUE,627.7,361.7,627.1,361.2,624,361.8,FALSE,63,0.42
4.832,302,TRACKING,11.551,1.789,11.414,1.814,12.101,1.704,-0.53,0.053,0.532,9.29,12.75,1,-0.06,0.346,1,TRUE,TRUE,627.5,361.2,627.9,361,624,361.8,FALSE,63,0.41
4.848,303,TRACKING,11.548,1.795,11.474,1.779,12.099,1.71,-0.595,0.093,0.602,10.51,14.41,1,-0.085,0.349,1,TRUE,TRUE,625.9,362.1,625.5,361.8,624,361.8,FALSE,63,0.39
4.864,304,TRACKING,11.545,1.801,11.429,1.742,12.098,1.716,-0.554,0.137,0.571,9.97,13.66,1,-0.088,0.368,1,TRUE,TRUE,626.8,363.2,626.3,362.7,623.9,361.8,FALSE,63,0.4
4.88,305,TRACKING,11.542,1.806,11.378,1.852,12.097,1.721,-0.506,0.03,0.507,8.85,12.15,1,-0.075,0.345,1,TRUE,TRUE,627.9,360.7,627.2,360.7,623.9,361.8,FALSE,63,0.39
4.896,306,TRACKING,11.539,1.812,11.447,1.809,12.095,1.727,-0.579,0.079,0.585,10.2,14,1,-0.081,0.349,1,TRUE,TRUE,626.1,361.9,626.3,361.8,623.9,361.8,FALSE,63,0.39
4.912,307,TRACKING,11.536,1.817,11.461,1.771,12.094,1.733,-0.598,0.124,0.611,10.66,14.62,1,-0.099,0.366,1,TRUE,TRUE,625.6,363.1,625.5,362.6,623.9,361.8,FALSE,63,0.4
4.928,308,TRACKING,11.533,1.823,11.373,1.813,12.092,1.739,-0.513,0.087,0.52,9.08,12.46,1,-0.085,0.368,1,TRUE,TRUE,627.6,362.3,627,362,623.9,361.8,FALSE,63,0.39
4.944,309,TRACKING,11.53,1.829,11.397,1.874,12.091,1.744,-0.541,0.03,0.542,9.46,12.99,1,-0.086,0.349,1,TRUE,TRUE,626.8,361,626.4,360.9,623.8,361.8,FALSE,63,0.39
4.96,310,TRACKING,11.527,1.834,11.471,1.794,12.089,1.75,-0.621,0.117,0.632,11.03,15.13,1,-0.118,0.365,1,TRUE,TRUE,624.9,363,624.7,362.5,623.8,361.8,FALSE,63,0.4
4.976,311,TRACKING,11.524,1.84,11.4,1.802,12.088,1.756,-0.552,0.114,0.564,9.84,13.49,1,-0.089,0.373,1,TRUE,TRUE,626.6,362.9,627.5,362.3,623.8,361.8,FALSE,63,0.39
4.992,312,TRACKING,11.521,1.845,11.356,1.88,12.087,1.762,-0.509,0.041,0.511,8.91,12.23,1,-0.053,0.354,1,TRUE,TRUE,627.7,361.1,628.3,360.9,623.8,361.8,FALSE,63,0.42
5.008,313,TRACKING,11.519,1.851,11.451,1.855,12.085,1.767,-0.609,0.071,0.613,10.71,14.69,1,-0.084,0.351,1,TRUE,TRUE,625.3,361.7,625.1,361.5,623.8,361.8,FALSE,63,0.4
5.024,314,TRACKING,11.516,1.856,11.441,1.802,12.084,1.773,-0.604,0.13,0.618,10.78,14.79,1,-0.104,0.368,1,TRUE,TRUE,625.5,363.1,625.3,362.6,623.7,361.8,FALSE,63,0.39
5.04,315,TRACKING,11.513,1.862,11.342,1.86,12.082,1.779,-0.507,0.077,0.513,8.95,12.28,1,-0.083,0.361,1,TRUE,TRUE,627.9,361.8,627.2,361.5,623.8,361.8,FALSE,63,0.39
5.056,316,TRACKING,11.51,1.868,11.4,1.91,12.081,1.784,-0.569,0.031,0.57,9.94,13.65,1,-0.09,0.334,1,TRUE,TRUE,626.5,360.7,625.9,360.4,623.7,361.7,FALSE,63,0.43
5.072,317,TRACKING,11.507,1.873,11.464,1.823,12.079,1.79,-0.638,0.124,0.65,11.34,15.55,1,-0.116,0.35,1,TRUE,TRUE,624.8,362.9,624.8,362.3,623.7,361.7,FALSE,63,0.39
5.088,318,TRACKING,11.504,1.879,11.364,1.851,12.078,1.796,-0.541,0.102,0.551,9.61,13.19,1,-0.101,0.36,1,TRUE,TRUE,627.2,362.5,626.7,362.2,623.7,361.7,FALSE,63,0.39
5.104,319,TRACKING,11.501,1.884,11.349,1.909,12.076,1.801,-0.528,0.049,0.53,9.25,12.69,1,-0.085,0.348,1,TRUE,TRUE,627.5,361.3,626.9,361.2,623.7,361.7,FALSE,63,0.42
5.12,320,TRACKING,11.498,1.89,11.451,1.901,12.074,1.807,-0.635,0.061,0.638,11.14,15.29,1,-0.113,0.343,1,TRUE,TRUE,624.9,361.7,624.7,361.3,623.7,361.7,FALSE,63,0.39
5.136,321,TRACKING,11.495,1.895,11.405,1.823,12.072,1.813,-0.594,0.147,0.612,10.68,14.65,1,-0.123,0.369,1,TRUE,TRUE,625.8,363.8,625.3,363,623.6,361.7,FALSE,63,0.39
5.152,322,TRACKING,11.491,1.901,11.322,1.923,12.071,1.819,-0.513,0.052,0.516,9,12.35,1,-0.108,0.357,1,TRUE,TRUE,627.7,361.5,626.5,361.3,623.6,361.7,FALSE,63,0.39
5.168,323,TRACKING,11.488,1.907,11.404,1.923,12.069,1.824,-0.599,0.056,0.602,10.51,14.42,1,-0.12,0.348,1,TRUE,TRUE,625.5,361.6,625.2,361.2,623.6,361.7,FALSE,63,0.4
5.184,324,TRACKING,11.485,1.912,11.434,1.884,12.066,1.83,-0.635,0.101,0.643,11.23,15.4,1,-0.145,0.357,1,TRUE,TRUE,624.6,362.5,624.4,362.1,623.6,361.7,FALSE,63,0.39
5.2,325,TRACKING,11.482,1.918,11.332,1.866,12.064,1.836,-0.535,0.125,0.55,9.59,13.16,1,-0.126,0.369,1,TRUE,TRUE,627,363,626.4,362.4,623.6,361.7,FALSE,63,0.39
5.216,326,TRACKING,11.479,1.923,11.349,1.978,12.063,1.841,-0.555,0.017,0.556,9.7,13.31,1,-0.117,0.341,1,TRUE,TRUE,626.5,360.4,626.2,360.4,623.6,361.7,FALSE,63,0.4
5.232,327,TRACKING,11.476,1.929,11.432,1.905,12.06,1.847,-0.643,0.096,0.65,11.35,15.57,1,-0.139,0.356,1,TRUE,TRUE,624.4,362.2,624.5,362.3,623.5,361.7,FALSE,63,0.39
5.248,328,TRACKING,11.473,1.934,11.367,1.893,12.058,1.853,-0.582,0.114,0.593,10.34,14.18,1,-0.137,0.365,1,TRUE,TRUE,625.9,362.6,625.6,362.2,623.5,361.7,FALSE,63,0.39
5.264,329,TRACKING,11.47,1.94,11.316,1.934,12.056,1.858,-0.533,0.078,0.538,9.4,12.89,1,-0.118,0.36,1,TRUE,TRUE,627.1,361.9,626.6,361.5,623.5,361.7,FALSE,63,0.41
5.28,330,TRACKING,11.467,1.945,11.396,1.99,12.054,1.864,-0.617,0.026,0.618,10.78,14.79,1,-0.133,0.34,1,TRUE,TRUE,625.2,360.7,624.9,360.7,623.5,361.7,FALSE,63,0.39
5.296,331,TRACKING,11.464,1.951,11.397,1.888,12.052,1.87,-0.623,0.135,0.638,11.13,15.26,1,-0.152,0.36,1,TRUE,TRUE,625.1,363.4,624.5,362.6,623.5,361.7,FALSE,63,0.39
5.312,332,TRACKING,11.461,1.956,11.316,1.94,12.05,1.875,-0.545,0.089,0.552,9.63,13.22,1,-0.137,0.361,1,TRUE,TRUE,627,362.4,626.1,361.8,623.5,361.7,FALSE,63,0.4
5.328,333,TRACKING,11.457,1.962,11.347,1.989,12.047,1.881,-0.578,0.044,0.58,10.12,13.89,1,-0.129,0.35,1,TRUE,TRUE,626.3,361.3,625.9,361.2,623.5,361.7,FALSE,63,0.39
5.344,334,TRACKING,11.454,1.968,11.401,1.966,12.045,1.887,-0.636,0.072,0.64,11.18,15.33,1,-0.144,0.351,1,TRUE,TRUE,624.9,362,624.7,361.7,623.5,361.7,FALSE,63,0.39
5.36,335,TRACKING,11.451,1.973,11.344,1.908,12.043,1.893,-0.582,0.138,0.598,10.44,14.32,1,-0.137,0.374,1,TRUE,TRUE,626.2,363.5,625.7,362.8,623.5,361.7,FALSE,63,0.4
5.376,336,TRACKING,11.448,1.979,11.316,2.001,12.041,1.898,-0.556,0.049,0.558,9.74,13.37,1,-0.116,0.353,1,TRUE,TRUE,626.7,361.3,626.6,360.8,623.5,361.7,FALSE,63,0.39
5.392,337,TRACKING,11.445,1.984,11.374,2.005,12.039,1.904,-0.618,0.049,0.62,10.82,14.85,1,-0.129,0.343,1,TRUE,TRUE,625.2,361.2,625,361.1,623.5,361.6,FALSE,63,0.39
5.408,338,TRACKING,11.442,1.99,11.371,1.942,12.037,1.909,-0.619,0.119,0.63,11,15.09,1,-0.14,0.357,1,TRUE,TRUE,625.1,362.8,624.9,362.2,623.5,361.7,FALSE,63,0.45
5.424,339,TRACKING,11.438,1.995,11.315,1.968,12.035,1.915,-0.565,0.098,0.574,10.02,13.74,1,-0.131,0.359,1,TRUE,TRUE,626.3,362.3,625.9,361.8,623.5,361.7,FALSE,63,0.39
5.44,340,TRACKING,11.435,2.001,11.333,2.039,12.033,1.921,-0.586,0.031,0.587,10.25,14.07,1,-0.13,0.338,1,TRUE,TRUE,625.8,360.7,625.5,360.6,623.5,361.6,FALSE,63,0.39
5.456,341,TRACKING,11.432,2.006,11.373,1.991,12.03,1.926,-0.631,0.084,0.636,11.11,15.24,1,-0.151,0.346,1,TRUE,TRUE,624.7,362,624.3,361.8,623.5,361.6,FALSE,63,0.41
5.472,342,TRACKING,11.429,2.012,11.337,1.952,12.028,1.932,-0.598,0.131,0.612,10.69,14.66,1,-0.152,0.371,1,TRUE,TRUE,625.4,363.2,625.1,362.9,623.5,361.7,FALSE,63,0.39
5.488,343,TRACKING,11.426,2.017,11.304,2.043,12.026,1.938,-0.568,0.044,0.57,9.94,13.64,1,-0.142,0.353,1,TRUE,TRUE,626.2,361.2,625.7,360.9,623.5,361.6,FALSE,63,0.39
5.504,344,TRACKING,11.422,2.023,11.345,2.037,12.023,1.943,-0.612,0.055,0.615,10.73,14.72,1,-0.148,0.347,1,TRUE,TRUE,625.2,361.6,625,361.3,623.5,361.6,FALSE,63,0.4
5.52,345,TRACKING,11.419,2.028,11.359,1.985,12.021,1.949,-0.63,0.114,0.641,11.18,15.34,1,-0.159,0.363,1,TRUE,TRUE,624.8,363,624.6,362.4,623.4,361.6,FALSE,63,0.39
5.536,346,TRACKING,11.416,2.034,11.305,2.002,12.018,1.955,-0.579,0.103,0.588,10.27,14.09,1,-0.146,0.369,1,TRUE,TRUE,626.1,362.7,625.8,362,623.5,361.6,FALSE,63,0.39
5.552,347,TRACKING,11.413,2.04,11.305,2.093,12.016,1.961,-0.581,0.016,0.581,10.15,13.92,1,-0.131,0.352,1,TRUE,TRUE,626.1,360.6,626.1,360.9,623.5,361.6,FALSE,63,0.39
5.568,348,TRACKING,11.409,2.045,11.359,2.01,12.014,1.966,-0.639,0.105,0.647,11.3,15.5,1,-0.144,0.363,1,TRUE,TRUE,624.8,362.6,624.7,362.2,623.5,361.6,FALSE,63,0.39
5.584,349,TRACKING,11.406,2.051,11.332,2.014,12.012,1.972,-0.615,0.107,0.625,10.9,14.96,1,-0.146,0.371,1,TRUE,TRUE,625.4,362.6,625.1,362.1,623.5,361.6,FALSE,63,0.39
5.6,350,TRACKING,11.403,2.056,11.28,2.064,12.01,1.978,-0.564,0.062,0.568,9.91,13.59,1,-0.128,0.357,1,TRUE,TRUE,626.6,361.4,626.2,361.1,623.5,361.6,FALSE,63,0.39
5.616,351,TRACKING,11.4,2.062,11.329,2.097,12.007,1.984,-0.617,0.032,0.617,10.78,14.79,1,-0.133,0.34,1,TRUE,TRUE,625.3,360.7,625.2,360.7,623.5,361.6,FALSE,63,0.4
5.632,352,TRACKING,11.396,2.067,11.358,1.995,12.005,1.989,-0.651,0.142,0.666,11.63,15.95,1,-0.163,0.363,1,TRUE,TRUE,624.4,363.3,623.7,362.7,623.5,361.6,FALSE,63,0.39
5.648,353,TRACKING,11.393,2.073,11.284,2.074,12.002,1.995,-0.579,0.067,0.583,10.17,13.95,1,-0.149,0.356,1,TRUE,TRUE,626.1,361.6,625.7,361.3,623.5,361.6,FALSE,63,0.39
5.664,354,TRACKING,11.39,2.078,11.282,2.101,12,2.001,-0.58,0.045,0.581,10.15,13.92,1,-0.14,0.346,1,TRUE,TRUE,626,361.2,625.6,361.1,623.5,361.6,FALSE,63,0.4
5.68,355,TRACKING,11.386,2.084,11.359,2.074,11.998,2.006,-0.661,0.077,0.665,11.61,15.93,1,-0.162,0.35,1,TRUE,TRUE,624,362,624,361.7,623.5,361.6,FALSE,63,0.39
5.696,356,TRACKING,11.383,2.089,11.314,2.027,11.995,2.013,-0.62,0.135,0.634,11.07,15.18,1,-0.164,0.415,1,TRUE,TRUE,624.9,363.5,624.8,365,623.5,361.7,FALSE,63,0.39
5.712,357,TRACKING,11.38,2.095,11.248,2.142,11.993,2.019,-0.556,0.023,0.556,9.71,13.32,1,-0.147,0.385,1,TRUE,TRUE,626.5,360.9,625.9,360.7,623.5,361.7,FALSE,63,0.4
5.728,358,TRACKING,11.376,2.1,11.325,2.105,11.99,2.025,-0.636,0.065,0.639,11.16,15.31,1,-0.159,0.376,1,TRUE,TRUE,624.5,361.8,624.5,361.4,623.5,361.7,FALSE,63,0.39
5.744,359,TRACKING,11.373,2.106,11.347,2.068,11.987,2.031,-0.663,0.109,0.672,11.73,16.09,1,-0.178,0.385,1,TRUE,TRUE,623.9,362.8,623.9,362.3,623.5,361.7,FALSE,63,0.39
5.76,360,TRACKING,11.37,2.111,11.248,2.094,11.985,2.037,-0.565,0.088,0.572,9.99,13.7,1,-0.16,0.384,1,TRUE,TRUE,626.3,362.2,625.8,361.8,623.5,361.7,FALSE,63,0.42
5.776,361,TRACKING,11.366,2.117,11.272,2.173,11.982,2.043,-0.592,0.014,0.592,10.33,14.18,1,-0.148,0.36,1,TRUE,TRUE,625.7,360.4,625.7,360.6,623.6,361.6,FALSE,63,0.39
5.792,362,TRACKING,11.363,2.122,11.356,2.09,11.979,2.049,-0.681,0.104,0.689,12.03,16.5,1,-0.176,0.379,1,TRUE,TRUE,623.7,362.4,623.6,362.5,623.5,361.7,FALSE,63,0.39
5.808,363,TRACKING,11.359,2.128,11.279,2.095,11.977,2.055,-0.607,0.104,0.616,10.75,14.75,1,-0.169,0.383,1,TRUE,TRUE,625.5,362.4,625.2,362,623.5,361.7,FALSE,63,0.39
5.824,364,TRACKING,11.356,2.133,11.229,2.165,11.974,2.061,-0.558,0.038,0.559,9.76,13.39,1,-0.144,0.364,1,TRUE,TRUE,626.7,360.9,626.3,360.8,623.6,361.6,FALSE,63,0.41
5.84,365,TRACKING,11.353,2.139,11.329,2.159,11.972,2.067,-0.662,0.048,0.664,11.59,15.91,1,-0.161,0.352,1,TRUE,TRUE,624.2,361.2,624.3,360.9,623.6,361.6,FALSE,63,0.39
5.856,366,TRACKING,11.349,2.144,11.321,2.091,11.969,2.073,-0.658,0.123,0.669,11.68,16.03,1,-0.173,0.367,1,TRUE,TRUE,624.3,363,624.3,362.3,623.6,361.6,FALSE,63,0.41
5.872,367,TRACKING,11.346,2.15,11.22,2.15,11.967,2.078,-0.557,0.069,0.562,9.8,13.45,1,-0.139,0.362,1,TRUE,TRUE,626.7,361.8,626.7,361.3,623.6,361.6,FALSE,63,0.39
5.888,368,TRACKING,11.342,2.155,11.278,2.201,11.965,2.084,-0.619,0.021,0.619,10.8,14.83,1,-0.144,0.345,1,TRUE,TRUE,625.2,360.8,625,360.6,623.6,361.6,FALSE,63,0.39
5.904,369,TRACKING,11.339,2.161,11.343,2.128,11.962,2.09,-0.688,0.101,0.696,12.14,16.66,1,-0.175,0.36,1,TRUE,TRUE,623.5,362.7,623.5,362.1,623.6,361.6,FALSE,63,0.41
5.92,370,TRACKING,11.335,2.166,11.245,2.135,11.959,2.096,-0.593,0.1,0.601,10.49,14.39,1,-0.165,0.373,1,TRUE,TRUE,625.7,362.6,625.4,362.3,623.6,361.6,FALSE,63,0.39
5.936,371,TRACKING,11.332,2.172,11.226,2.204,11.956,2.101,-0.577,0.036,0.578,10.09,13.85,1,-0.164,0.363,1,TRUE,TRUE,626,361.1,624.9,361.2,623.6,361.6,FALSE,63,0.39
5.952,372,TRACKING,11.328,2.177,11.324,2.2,11.953,2.107,-0.68,0.045,0.682,11.9,16.33,1,-0.189,0.359,1,TRUE,TRUE,623.5,361.2,623.6,361.4,623.6,361.6,FALSE,63,0.4
5.968,373,TRACKING,11.325,2.183,11.283,2.121,11.95,2.113,-0.643,0.131,0.656,11.44,15.69,1,-0.195,0.378,1,TRUE,TRUE,624.4,363.1,624.3,362.5,623.6,361.6,FALSE,63,0.39
5.984,374,TRACKING,11.321,2.188,11.203,2.208,11.948,2.119,-0.564,0.048,0.567,9.89,13.57,1,-0.172,0.361,1,TRUE,TRUE,626.2,361.1,625.8,360.9,623.6,361.6,FALSE,63,0.39
6,375,TRACKING,11.318,2.194,11.277,2.223,11.945,2.125,-0.642,0.037,0.643,11.23,15.41,1,-0.182,0.346,1,TRUE,TRUE,624.4,360.8,624.3,360.7,623.6,361.6,FALSE,63,0.39
